year,province,subject_track,score,rank,cumulative_count
2022,广东,物理,750,1,
2022,广东,物理,749,1,
2022,广东,物理,748,1,
2022,广东,物理,747,1,
2022,广东,物理,746,1,
2022,广东,物理,745,1,
2022,广东,物理,744,1,
2022,广东,物理,743,1,
2022,广东,物理,742,1,
2022,广东,物理,741,1,
2022,广东,物理,740,1,
2022,广东,物理,739,1,
2022,广东,物理,738,1,
2022,广东,物理,737,1,
2022,广东,物理,736,1,
2022,广东,物理,735,1,
2022,广东,物理,734,1,
2022,广东,物理,733,1,
2022,广东,物理,732,1,
2022,广东,物理,731,1,
2022,广东,物理,730,1,
2022,广东,物理,729,1,
2022,广东,物理,728,1,
2022,广东,物理,727,1,
2022,广东,物理,726,1,
2022,广东,物理,725,1,
2022,广东,物理,724,1,
2022,广东,物理,723,1,
2022,广东,物理,722,1,
2022,广东,物理,721,1,
2022,广东,物理,720,1,
2022,广东,物理,719,1,
2022,广东,物理,718,1,
2022,广东,物理,717,1,
2022,广东,物理,716,1,
2022,广东,物理,715,1,
2022,广东,物理,714,1,
2022,广东,物理,713,1,
2022,广东,物理,712,1,
2022,广东,物理,711,1,
2022,广东,物理,710,1,
2022,广东,物理,709,1,
2022,广东,物理,708,1,
2022,广东,物理,707,1,
2022,广东,物理,706,1,
2022,广东,物理,705,1,
2022,广东,物理,704,1,
2022,广东,物理,703,1,
2022,广东,物理,702,1,
2022,广东,物理,701,1,
2022,广东,物理,700,1,
2022,广东,物理,699,1,
2022,广东,物理,698,1,
2022,广东,物理,697,1,
2022,广东,物理,696,1,
2022,广东,物理,695,1,
2022,广东,物理,694,1,
2022,广东,物理,693,1,
2022,广东,物理,692,1,
2022,广东,物理,691,1,
2022,广东,物理,690,1,
2022,广东,物理,689,140,
2022,广东,物理,688,280,
2022,广东,物理,687,420,
2022,广东,物理,686,560,
2022,广东,物理,685,700,
2022,广东,物理,684,840,
2022,广东,物理,683,980,
2022,广东,物理,682,1120,
2022,广东,物理,681,1260,
2022,广东,物理,680,1400,
2022,广东,物理,679,1540,
2022,广东,物理,678,1680,
2022,广东,物理,677,1820,
2022,广东,物理,676,1960,
2022,广东,物理,675,2100,
2022,广东,物理,674,2240,
2022,广东,物理,673,2380,
2022,广东,物理,672,2520,
2022,广东,物理,671,2660,
2022,广东,物理,670,2800,
2022,广东,物理,669,2940,
2022,广东,物理,668,3080,
2022,广东,物理,667,3220,
2022,广东,物理,666,3360,
2022,广东,物理,665,3500,
2022,广东,物理,664,3640,
2022,广东,物理,663,3780,
2022,广东,物理,662,3920,
2022,广东,物理,661,4060,
2022,广东,物理,660,4200,
2022,广东,物理,659,4340,
2022,广东,物理,658,4480,
2022,广东,物理,657,4620,
2022,广东,物理,656,4760,
2022,广东,物理,655,4900,
2022,广东,物理,654,5040,
2022,广东,物理,653,5180,
2022,广东,物理,652,5320,
2022,广东,物理,651,5460,
2022,广东,物理,650,5600,
2022,广东,物理,649,5740,
2022,广东,物理,648,5880,
2022,广东,物理,647,6020,
2022,广东,物理,646,6160,
2022,广东,物理,645,6300,
2022,广东,物理,644,6440,
2022,广东,物理,643,6580,
2022,广东,物理,642,6720,
2022,广东,物理,641,6860,
2022,广东,物理,640,7000,
2022,广东,物理,639,7140,
2022,广东,物理,638,7280,
2022,广东,物理,637,7420,
2022,广东,物理,636,7560,
2022,广东,物理,635,7700,
2022,广东,物理,634,7840,
2022,广东,物理,633,7980,
2022,广东,物理,632,8120,
2022,广东,物理,631,8260,
2022,广东,物理,630,8400,
2022,广东,物理,629,8540,
2022,广东,物理,628,8680,
2022,广东,物理,627,8820,
2022,广东,物理,626,8960,
2022,广东,物理,625,9100,
2022,广东,物理,624,9240,
2022,广东,物理,623,9380,
2022,广东,物理,622,9520,
2022,广东,物理,621,9660,
2022,广东,物理,620,9800,
2022,广东,物理,619,9940,
2022,广东,物理,618,10080,
2022,广东,物理,617,10220,
2022,广东,物理,616,10360,
2022,广东,物理,615,10500,
2022,广东,物理,614,10640,
2022,广东,物理,613,10780,
2022,广东,物理,612,10920,
2022,广东,物理,611,11060,
2022,广东,物理,610,11200,
2022,广东,物理,609,11340,
2022,广东,物理,608,11480,
2022,广东,物理,607,11620,
2022,广东,物理,606,11760,
2022,广东,物理,605,11900,
2022,广东,物理,604,12040,
2022,广东,物理,603,12180,
2022,广东,物理,602,12320,
2022,广东,物理,601,12460,
2022,广东,物理,600,12600,
2022,广东,物理,599,12740,
2022,广东,物理,598,12880,
2022,广东,物理,597,13020,
2022,广东,物理,596,13160,
2022,广东,物理,595,13300,
2022,广东,物理,594,13440,
2022,广东,物理,593,13580,
2022,广东,物理,592,13720,
2022,广东,物理,591,13860,
2022,广东,物理,590,14000,
2022,广东,物理,589,14140,
2022,广东,物理,588,14280,
2022,广东,物理,587,14420,
2022,广东,物理,586,14560,
2022,广东,物理,585,14700,
2022,广东,物理,584,14840,
2022,广东,物理,583,14980,
2022,广东,物理,582,15120,
2022,广东,物理,581,15260,
2022,广东,物理,580,15400,
2022,广东,物理,579,15540,
2022,广东,物理,578,15680,
2022,广东,物理,577,15820,
2022,广东,物理,576,15960,
2022,广东,物理,575,16100,
2022,广东,物理,574,16240,
2022,广东,物理,573,16380,
2022,广东,物理,572,16520,
2022,广东,物理,571,16660,
2022,广东,物理,570,16800,
2022,广东,物理,569,16940,
2022,广东,物理,568,17080,
2022,广东,物理,567,17220,
2022,广东,物理,566,17360,
2022,广东,物理,565,17500,
2022,广东,物理,564,17640,
2022,广东,物理,563,17780,
2022,广东,物理,562,17920,
2022,广东,物理,561,18060,
2022,广东,物理,560,18200,
2022,广东,物理,559,18340,
2022,广东,物理,558,18480,
2022,广东,物理,557,18620,
2022,广东,物理,556,18760,
2022,广东,物理,555,18900,
2022,广东,物理,554,19040,
2022,广东,物理,553,19180,
2022,广东,物理,552,19320,
2022,广东,物理,551,19460,
2022,广东,物理,550,19600,
2022,广东,物理,549,19740,
2022,广东,物理,548,19880,
2022,广东,物理,547,20020,
2022,广东,物理,546,20160,
2022,广东,物理,545,20300,
2022,广东,物理,544,20440,
2022,广东,物理,543,20580,
2022,广东,物理,542,20720,
2022,广东,物理,541,20860,
2022,广东,物理,540,21000,
2022,广东,物理,539,21140,
2022,广东,物理,538,21280,
2022,广东,物理,537,21420,
2022,广东,物理,536,21560,
2022,广东,物理,535,21700,
2022,广东,物理,534,21840,
2022,广东,物理,533,21980,
2022,广东,物理,532,22120,
2022,广东,物理,531,22260,
2022,广东,物理,530,22400,
2022,广东,物理,529,22540,
2022,广东,物理,528,22680,
2022,广东,物理,527,22820,
2022,广东,物理,526,22960,
2022,广东,物理,525,23100,
2022,广东,物理,524,23240,
2022,广东,物理,523,23380,
2022,广东,物理,522,23520,
2022,广东,物理,521,23660,
2022,广东,物理,520,23800,
2022,广东,物理,519,23940,
2022,广东,物理,518,24080,
2022,广东,物理,517,24220,
2022,广东,物理,516,24360,
2022,广东,物理,515,24500,
2022,广东,物理,514,24640,
2022,广东,物理,513,24780,
2022,广东,物理,512,24920,
2022,广东,物理,511,25060,
2022,广东,物理,510,25200,
2022,广东,物理,509,25340,
2022,广东,物理,508,25480,
2022,广东,物理,507,25620,
2022,广东,物理,506,25760,
2022,广东,物理,505,25900,
2022,广东,物理,504,26040,
2022,广东,物理,503,26180,
2022,广东,物理,502,26320,
2022,广东,物理,501,26460,
2022,广东,物理,500,26600,
2022,广东,物理,499,26740,
2022,广东,物理,498,26880,
2022,广东,物理,497,27020,
2022,广东,物理,496,27160,
2022,广东,物理,495,27300,
2022,广东,物理,494,27440,
2022,广东,物理,493,27580,
2022,广东,物理,492,27720,
2022,广东,物理,491,27860,
2022,广东,物理,490,28000,
2022,广东,物理,489,28140,
2022,广东,物理,488,28280,
2022,广东,物理,487,28420,
2022,广东,物理,486,28560,
2022,广东,物理,485,28700,
2022,广东,物理,484,28840,
2022,广东,物理,483,28980,
2022,广东,物理,482,29120,
2022,广东,物理,481,29260,
2022,广东,物理,480,29400,
2022,广东,物理,479,29540,
2022,广东,物理,478,29680,
2022,广东,物理,477,29820,
2022,广东,物理,476,29960,
2022,广东,物理,475,30100,
2022,广东,物理,474,30240,
2022,广东,物理,473,30380,
2022,广东,物理,472,30520,
2022,广东,物理,471,30660,
2022,广东,物理,470,30800,
2022,广东,物理,469,30940,
2022,广东,物理,468,31080,
2022,广东,物理,467,31220,
2022,广东,物理,466,31360,
2022,广东,物理,465,31500,
2022,广东,物理,464,31640,
2022,广东,物理,463,31780,
2022,广东,物理,462,31920,
2022,广东,物理,461,32060,
2022,广东,物理,460,32200,
2022,广东,物理,459,32340,
2022,广东,物理,458,32480,
2022,广东,物理,457,32620,
2022,广东,物理,456,32760,
2022,广东,物理,455,32900,
2022,广东,物理,454,33040,
2022,广东,物理,453,33180,
2022,广东,物理,452,33320,
2022,广东,物理,451,33460,
2022,广东,物理,450,33600,
2022,广东,物理,449,33740,
2022,广东,物理,448,33880,
2022,广东,物理,447,34020,
2022,广东,物理,446,34160,
2022,广东,物理,445,34300,
2022,广东,物理,444,34440,
2022,广东,物理,443,34580,
2022,广东,物理,442,34720,
2022,广东,物理,441,34860,
2022,广东,物理,440,35000,
2022,广东,物理,439,35140,
2022,广东,物理,438,35280,
2022,广东,物理,437,35420,
2022,广东,物理,436,35560,
2022,广东,物理,435,35700,
2022,广东,物理,434,35840,
2022,广东,物理,433,35980,
2022,广东,物理,432,36120,
2022,广东,物理,431,36260,
2022,广东,物理,430,36400,
2022,广东,物理,429,36540,
2022,广东,物理,428,36680,
2022,广东,物理,427,36820,
2022,广东,物理,426,36960,
2022,广东,物理,425,37100,
2022,广东,物理,424,37240,
2022,广东,物理,423,37380,
2022,广东,物理,422,37520,
2022,广东,物理,421,37660,
2022,广东,物理,420,37800,
2022,广东,物理,419,37940,
2022,广东,物理,418,38080,
2022,广东,物理,417,38220,
2022,广东,物理,416,38360,
2022,广东,物理,415,38500,
2022,广东,物理,414,38640,
2022,广东,物理,413,38780,
2022,广东,物理,412,38920,
2022,广东,物理,411,39060,
2022,广东,物理,410,39200,
2022,广东,物理,409,39340,
2022,广东,物理,408,39480,
2022,广东,物理,407,39620,
2022,广东,物理,406,39760,
2022,广东,物理,405,39900,
2022,广东,物理,404,40040,
2022,广东,物理,403,40180,
2022,广东,物理,402,40320,
2022,广东,物理,401,40460,
2022,广东,物理,400,40600,
2022,广东,物理,399,40740,
2022,广东,物理,398,40880,
2022,广东,物理,397,41020,
2022,广东,物理,396,41160,
2022,广东,物理,395,41300,
2022,广东,物理,394,41440,
2022,广东,物理,393,41580,
2022,广东,物理,392,41720,
2022,广东,物理,391,41860,
2022,广东,物理,390,42000,
2022,广东,物理,389,42140,
2022,广东,物理,388,42280,
2022,广东,物理,387,42420,
2022,广东,物理,386,42560,
2022,广东,物理,385,42700,
2022,广东,物理,384,42840,
2022,广东,物理,383,42980,
2022,广东,物理,382,43120,
2022,广东,物理,381,43260,
2022,广东,物理,380,43400,
2022,广东,物理,379,43540,
2022,广东,物理,378,43680,
2022,广东,物理,377,43820,
2022,广东,物理,376,43960,
2022,广东,物理,375,44100,
2022,广东,物理,374,44240,
2022,广东,物理,373,44380,
2022,广东,物理,372,44520,
2022,广东,物理,371,44660,
2022,广东,物理,370,44800,
2022,广东,物理,369,44940,
2022,广东,物理,368,45080,
2022,广东,物理,367,45220,
2022,广东,物理,366,45360,
2022,广东,物理,365,45500,
2022,广东,物理,364,45640,
2022,广东,物理,363,45780,
2022,广东,物理,362,45920,
2022,广东,物理,361,46060,
2022,广东,物理,360,46200,
2022,广东,物理,359,46340,
2022,广东,物理,358,46480,
2022,广东,物理,357,46620,
2022,广东,物理,356,46760,
2022,广东,物理,355,46900,
2022,广东,物理,354,47040,
2022,广东,物理,353,47180,
2022,广东,物理,352,47320,
2022,广东,物理,351,47460,
2022,广东,物理,350,47600,
2022,广东,物理,349,47740,
2022,广东,物理,348,47880,
2022,广东,物理,347,48020,
2022,广东,物理,346,48160,
2022,广东,物理,345,48300,
2022,广东,物理,344,48440,
2022,广东,物理,343,48580,
2022,广东,物理,342,48720,
2022,广东,物理,341,48860,
2022,广东,物理,340,49000,
2022,广东,物理,339,49140,
2022,广东,物理,338,49280,
2022,广东,物理,337,49420,
2022,广东,物理,336,49560,
2022,广东,物理,335,49700,
2022,广东,物理,334,49840,
2022,广东,物理,333,49980,
2022,广东,物理,332,50120,
2022,广东,物理,331,50260,
2022,广东,物理,330,50400,
2022,广东,物理,329,50540,
2022,广东,物理,328,50680,
2022,广东,物理,327,50820,
2022,广东,物理,326,50960,
2022,广东,物理,325,51100,
2022,广东,物理,324,51240,
2022,广东,物理,323,51380,
2022,广东,物理,322,51520,
2022,广东,物理,321,51660,
2022,广东,物理,320,51800,
2022,广东,物理,319,51940,
2022,广东,物理,318,52080,
2022,广东,物理,317,52220,
2022,广东,物理,316,52360,
2022,广东,物理,315,52500,
2022,广东,物理,314,52640,
2022,广东,物理,313,52780,
2022,广东,物理,312,52920,
2022,广东,物理,311,53060,
2022,广东,物理,310,53200,
2022,广东,物理,309,53340,
2022,广东,物理,308,53480,
2022,广东,物理,307,53620,
2022,广东,物理,306,53760,
2022,广东,物理,305,53900,
2022,广东,物理,304,54040,
2022,广东,物理,303,54180,
2022,广东,物理,302,54320,
2022,广东,物理,301,54460,
2022,广东,物理,300,54600,
2022,广东,物理,299,54740,
2022,广东,物理,298,54880,
2022,广东,物理,297,55020,
2022,广东,物理,296,55160,
2022,广东,物理,295,55300,
2022,广东,物理,294,55440,
2022,广东,物理,293,55580,
2022,广东,物理,292,55720,
2022,广东,物理,291,55860,
2022,广东,物理,290,56000,
2022,广东,物理,289,56140,
2022,广东,物理,288,56280,
2022,广东,物理,287,56420,
2022,广东,物理,286,56560,
2022,广东,物理,285,56700,
2022,广东,物理,284,56840,
2022,广东,物理,283,56980,
2022,广东,物理,282,57120,
2022,广东,物理,281,57260,
2022,广东,物理,280,57400,
2022,广东,物理,279,57540,
2022,广东,物理,278,57680,
2022,广东,物理,277,57820,
2022,广东,物理,276,57960,
2022,广东,物理,275,58100,
2022,广东,物理,274,58240,
2022,广东,物理,273,58380,
2022,广东,物理,272,58520,
2022,广东,物理,271,58660,
2022,广东,物理,270,58800,
2022,广东,物理,269,58940,
2022,广东,物理,268,59080,
2022,广东,物理,267,59220,
2022,广东,物理,266,59360,
2022,广东,物理,265,59500,
2022,广东,物理,264,59640,
2022,广东,物理,263,59780,
2022,广东,物理,262,59920,
2022,广东,物理,261,60060,
2022,广东,物理,260,60200,
2022,广东,物理,259,60340,
2022,广东,物理,258,60480,
2022,广东,物理,257,60620,
2022,广东,物理,256,60760,
2022,广东,物理,255,60900,
2022,广东,物理,254,61040,
2022,广东,物理,253,61180,
2022,广东,物理,252,61320,
2022,广东,物理,251,61460,
2022,广东,物理,250,61600,
2022,广东,物理,249,61740,
2022,广东,物理,248,61880,
2022,广东,物理,247,62020,
2022,广东,物理,246,62160,
2022,广东,物理,245,62300,
2022,广东,物理,244,62440,
2022,广东,物理,243,62580,
2022,广东,物理,242,62720,
2022,广东,物理,241,62860,
2022,广东,物理,240,63000,
2022,广东,物理,239,63140,
2022,广东,物理,238,63280,
2022,广东,物理,237,63420,
2022,广东,物理,236,63560,
2022,广东,物理,235,63700,
2022,广东,物理,234,63840,
2022,广东,物理,233,63980,
2022,广东,物理,232,64120,
2022,广东,物理,231,64260,
2022,广东,物理,230,64400,
2022,广东,物理,229,64540,
2022,广东,物理,228,64680,
2022,广东,物理,227,64820,
2022,广东,物理,226,64960,
2022,广东,物理,225,65100,
2022,广东,物理,224,65240,
2022,广东,物理,223,65380,
2022,广东,物理,222,65520,
2022,广东,物理,221,65660,
2022,广东,物理,220,65800,
2022,广东,物理,219,65940,
2022,广东,物理,218,66080,
2022,广东,物理,217,66220,
2022,广东,物理,216,66360,
2022,广东,物理,215,66500,
2022,广东,物理,214,66640,
2022,广东,物理,213,66780,
2022,广东,物理,212,66920,
2022,广东,物理,211,67060,
2022,广东,物理,210,67200,
2022,广东,物理,209,67340,
2022,广东,物理,208,67480,
2022,广东,物理,207,67620,
2022,广东,物理,206,67760,
2022,广东,物理,205,67900,
2022,广东,物理,204,68040,
2022,广东,物理,203,68180,
2022,广东,物理,202,68320,
2022,广东,物理,201,68460,
2022,广东,物理,200,68600,
2023,广东,物理,750,1,
2023,广东,物理,749,1,
2023,广东,物理,748,1,
2023,广东,物理,747,1,
2023,广东,物理,746,1,
2023,广东,物理,745,1,
2023,广东,物理,744,1,
2023,广东,物理,743,1,
2023,广东,物理,742,1,
2023,广东,物理,741,1,
2023,广东,物理,740,1,
2023,广东,物理,739,1,
2023,广东,物理,738,1,
2023,广东,物理,737,1,
2023,广东,物理,736,1,
2023,广东,物理,735,1,
2023,广东,物理,734,1,
2023,广东,物理,733,1,
2023,广东,物理,732,1,
2023,广东,物理,731,1,
2023,广东,物理,730,1,
2023,广东,物理,729,1,
2023,广东,物理,728,1,
2023,广东,物理,727,1,
2023,广东,物理,726,1,
2023,广东,物理,725,1,
2023,广东,物理,724,1,
2023,广东,物理,723,1,
2023,广东,物理,722,1,
2023,广东,物理,721,1,
2023,广东,物理,720,1,
2023,广东,物理,719,1,
2023,广东,物理,718,1,
2023,广东,物理,717,1,
2023,广东,物理,716,1,
2023,广东,物理,715,1,
2023,广东,物理,714,1,
2023,广东,物理,713,1,
2023,广东,物理,712,1,
2023,广东,物理,711,1,
2023,广东,物理,710,1,
2023,广东,物理,709,1,
2023,广东,物理,708,1,
2023,广东,物理,707,1,
2023,广东,物理,706,1,
2023,广东,物理,705,1,
2023,广东,物理,704,1,
2023,广东,物理,703,1,
2023,广东,物理,702,1,
2023,广东,物理,701,1,
2023,广东,物理,700,1,
2023,广东,物理,699,1,
2023,广东,物理,698,1,
2023,广东,物理,697,1,
2023,广东,物理,696,1,
2023,广东,物理,695,1,
2023,广东,物理,694,1,
2023,广东,物理,693,1,
2023,广东,物理,692,1,
2023,广东,物理,691,1,
2023,广东,物理,690,1,
2023,广东,物理,689,1,
2023,广东,物理,688,1,
2023,广东,物理,687,1,
2023,广东,物理,686,1,
2023,广东,物理,685,1,
2023,广东,物理,684,1,
2023,广东,物理,683,1,
2023,广东,物理,682,1,
2023,广东,物理,681,1,
2023,广东,物理,680,1,
2023,广东,物理,679,1,
2023,广东,物理,678,1,
2023,广东,物理,677,1,
2023,广东,物理,676,1,
2023,广东,物理,675,1,
2023,广东,物理,674,1,
2023,广东,物理,673,1,
2023,广东,物理,672,1,
2023,广东,物理,671,1,
2023,广东,物理,670,1,
2023,广东,物理,669,1,
2023,广东,物理,668,1,
2023,广东,物理,667,1,
2023,广东,物理,666,1,
2023,广东,物理,665,56,
2023,广东,物理,664,303,
2023,广东,物理,663,550,
2023,广东,物理,662,798,
2023,广东,物理,661,1045,
2023,广东,物理,660,1292,
2023,广东,物理,659,1539,
2023,广东,物理,658,1786,
2023,广东,物理,657,2033,
2023,广东,物理,656,2280,
2023,广东,物理,655,2528,
2023,广东,物理,654,2775,
2023,广东,物理,653,3022,
2023,广东,物理,652,3269,
2023,广东,物理,651,3516,
2023,广东,物理,650,3763,
2023,广东,物理,649,4010,
2023,广东,物理,648,4258,
2023,广东,物理,647,4505,
2023,广东,物理,646,4752,
2023,广东,物理,645,4999,
2023,广东,物理,644,5246,
2023,广东,物理,643,5493,
2023,广东,物理,642,5740,
2023,广东,物理,641,5988,
2023,广东,物理,640,6235,
2023,广东,物理,639,6482,
2023,广东,物理,638,6729,
2023,广东,物理,637,6976,
2023,广东,物理,636,7223,
2023,广东,物理,635,7470,
2023,广东,物理,634,7718,
2023,广东,物理,633,7965,
2023,广东,物理,632,8212,
2023,广东,物理,631,8459,
2023,广东,物理,630,8706,
2023,广东,物理,629,8953,
2023,广东,物理,628,9200,
2023,广东,物理,627,9300,
2023,广东,物理,626,9400,
2023,广东,物理,625,9500,
2023,广东,物理,624,9600,
2023,广东,物理,623,9700,
2023,广东,物理,622,9800,
2023,广东,物理,621,9900,
2023,广东,物理,620,10000,
2023,广东,物理,619,10100,
2023,广东,物理,618,10200,
2023,广东,物理,617,10300,
2023,广东,物理,616,10400,
2023,广东,物理,615,10500,
2023,广东,物理,614,10676,
2023,广东,物理,613,10853,
2023,广东,物理,612,11030,
2023,广东,物理,611,11206,
2023,广东,物理,610,11383,
2023,广东,物理,609,11560,
2023,广东,物理,608,11736,
2023,广东,物理,607,11913,
2023,广东,物理,606,12090,
2023,广东,物理,605,12266,
2023,广东,物理,604,12443,
2023,广东,物理,603,12620,
2023,广东,物理,602,12796,
2023,广东,物理,601,12973,
2023,广东,物理,600,13150,
2023,广东,物理,599,13326,
2023,广东,物理,598,13503,
2023,广东,物理,597,13680,
2023,广东,物理,596,13856,
2023,广东,物理,595,14033,
2023,广东,物理,594,14210,
2023,广东,物理,593,14386,
2023,广东,物理,592,14563,
2023,广东,物理,591,14740,
2023,广东,物理,590,14916,
2023,广东,物理,589,15093,
2023,广东,物理,588,15270,
2023,广东,物理,587,15446,
2023,广东,物理,586,15623,
2023,广东,物理,585,15800,
2023,广东,物理,584,16070,
2023,广东,物理,583,16340,
2023,广东,物理,582,16610,
2023,广东,物理,581,16880,
2023,广东,物理,580,17150,
2023,广东,物理,579,17420,
2023,广东,物理,578,17690,
2023,广东,物理,577,17960,
2023,广东,物理,576,18230,
2023,广东,物理,575,18500,
2023,广东,物理,574,18970,
2023,广东,物理,573,19441,
2023,广东,物理,572,19911,
2023,广东,物理,571,20382,
2023,广东,物理,570,20852,
2023,广东,物理,569,21323,
2023,广东,物理,568,21794,
2023,广东,物理,567,22264,
2023,广东,物理,566,22735,
2023,广东,物理,565,23205,
2023,广东,物理,564,23676,
2023,广东,物理,563,24147,
2023,广东,物理,562,24617,
2023,广东,物理,561,25088,
2023,广东,物理,560,25558,
2023,广东,物理,559,26029,
2023,广东,物理,558,26500,
2023,广东,物理,557,26747,
2023,广东,物理,556,26994,
2023,广东,物理,555,27241,
2023,广东,物理,554,27488,
2023,广东,物理,553,27735,
2023,广东,物理,552,27982,
2023,广东,物理,551,28230,
2023,广东,物理,550,28477,
2023,广东,物理,549,28724,
2023,广东,物理,548,28971,
2023,广东,物理,547,29218,
2023,广东,物理,546,29465,
2023,广东,物理,545,29712,
2023,广东,物理,544,29960,
2023,广东,物理,543,30207,
2023,广东,物理,542,30454,
2023,广东,物理,541,30701,
2023,广东,物理,540,30948,
2023,广东,物理,539,31195,
2023,广东,物理,538,31442,
2023,广东,物理,537,31690,
2023,广东,物理,536,31937,
2023,广东,物理,535,32184,
2023,广东,物理,534,32431,
2023,广东,物理,533,32678,
2023,广东,物理,532,32925,
2023,广东,物理,531,33172,
2023,广东,物理,530,33420,
2023,广东,物理,529,33667,
2023,广东,物理,528,33914,
2023,广东,物理,527,34161,
2023,广东,物理,526,34408,
2023,广东,物理,525,34655,
2023,广东,物理,524,34902,
2023,广东,物理,523,35150,
2023,广东,物理,522,35397,
2023,广东,物理,521,35644,
2023,广东,物理,520,35891,
2023,广东,物理,519,36138,
2023,广东,物理,518,36385,
2023,广东,物理,517,36632,
2023,广东,物理,516,36880,
2023,广东,物理,515,37127,
2023,广东,物理,514,37374,
2023,广东,物理,513,37621,
2023,广东,物理,512,37868,
2023,广东,物理,511,38115,
2023,广东,物理,510,38362,
2023,广东,物理,509,38610,
2023,广东,物理,508,38857,
2023,广东,物理,507,39104,
2023,广东,物理,506,39351,
2023,广东,物理,505,39598,
2023,广东,物理,504,39845,
2023,广东,物理,503,40092,
2023,广东,物理,502,40340,
2023,广东,物理,501,40587,
2023,广东,物理,500,40834,
2023,广东,物理,499,41081,
2023,广东,物理,498,41328,
2023,广东,物理,497,41575,
2023,广东,物理,496,41822,
2023,广东,物理,495,42070,
2023,广东,物理,494,42317,
2023,广东,物理,493,42564,
2023,广东,物理,492,42811,
2023,广东,物理,491,43058,
2023,广东,物理,490,43305,
2023,广东,物理,489,43552,
2023,广东,物理,488,43800,
2023,广东,物理,487,44047,
2023,广东,物理,486,44294,
2023,广东,物理,485,44541,
2023,广东,物理,484,44788,
2023,广东,物理,483,45035,
2023,广东,物理,482,45282,
2023,广东,物理,481,45530,
2023,广东,物理,480,45777,
2023,广东,物理,479,46024,
2023,广东,物理,478,46271,
2023,广东,物理,477,46518,
2023,广东,物理,476,46765,
2023,广东,物理,475,47012,
2023,广东,物理,474,47260,
2023,广东,物理,473,47507,
2023,广东,物理,472,47754,
2023,广东,物理,471,48001,
2023,广东,物理,470,48248,
2023,广东,物理,469,48495,
2023,广东,物理,468,48742,
2023,广东,物理,467,48990,
2023,广东,物理,466,49237,
2023,广东,物理,465,49484,
2023,广东,物理,464,49731,
2023,广东,物理,463,49978,
2023,广东,物理,462,50225,
2023,广东,物理,461,50472,
2023,广东,物理,460,50720,
2023,广东,物理,459,50967,
2023,广东,物理,458,51214,
2023,广东,物理,457,51461,
2023,广东,物理,456,51708,
2023,广东,物理,455,51955,
2023,广东,物理,454,52202,
2023,广东,物理,453,52450,
2023,广东,物理,452,52697,
2023,广东,物理,451,52944,
2023,广东,物理,450,53191,
2023,广东,物理,449,53438,
2023,广东,物理,448,53685,
2023,广东,物理,447,53932,
2023,广东,物理,446,54180,
2023,广东,物理,445,54427,
2023,广东,物理,444,54674,
2023,广东,物理,443,54921,
2023,广东,物理,442,55168,
2023,广东,物理,441,55415,
2023,广东,物理,440,55662,
2023,广东,物理,439,55910,
2023,广东,物理,438,56157,
2023,广东,物理,437,56404,
2023,广东,物理,436,56651,
2023,广东,物理,435,56898,
2023,广东,物理,434,57145,
2023,广东,物理,433,57392,
2023,广东,物理,432,57640,
2023,广东,物理,431,57887,
2023,广东,物理,430,58134,
2023,广东,物理,429,58381,
2023,广东,物理,428,58628,
2023,广东,物理,427,58875,
2023,广东,物理,426,59122,
2023,广东,物理,425,59370,
2023,广东,物理,424,59617,
2023,广东,物理,423,59864,
2023,广东,物理,422,60111,
2023,广东,物理,421,60358,
2023,广东,物理,420,60605,
2023,广东,物理,419,60852,
2023,广东,物理,418,61100,
2023,广东,物理,417,61347,
2023,广东,物理,416,61594,
2023,广东,物理,415,61841,
2023,广东,物理,414,62088,
2023,广东,物理,413,62335,
2023,广东,物理,412,62582,
2023,广东,物理,411,62830,
2023,广东,物理,410,63077,
2023,广东,物理,409,63324,
2023,广东,物理,408,63571,
2023,广东,物理,407,63818,
2023,广东,物理,406,64065,
2023,广东,物理,405,64312,
2023,广东,物理,404,64560,
2023,广东,物理,403,64807,
2023,广东,物理,402,65054,
2023,广东,物理,401,65301,
2023,广东,物理,400,65548,
2023,广东,物理,399,65795,
2023,广东,物理,398,66042,
2023,广东,物理,397,66290,
2023,广东,物理,396,66537,
2023,广东,物理,395,66784,
2023,广东,物理,394,67031,
2023,广东,物理,393,67278,
2023,广东,物理,392,67525,
2023,广东,物理,391,67772,
2023,广东,物理,390,68020,
2023,广东,物理,389,68267,
2023,广东,物理,388,68514,
2023,广东,物理,387,68761,
2023,广东,物理,386,69008,
2023,广东,物理,385,69255,
2023,广东,物理,384,69502,
2023,广东,物理,383,69750,
2023,广东,物理,382,69997,
2023,广东,物理,381,70244,
2023,广东,物理,380,70491,
2023,广东,物理,379,70738,
2023,广东,物理,378,70985,
2023,广东,物理,377,71232,
2023,广东,物理,376,71480,
2023,广东,物理,375,71727,
2023,广东,物理,374,71974,
2023,广东,物理,373,72221,
2023,广东,物理,372,72468,
2023,广东,物理,371,72715,
2023,广东,物理,370,72962,
2023,广东,物理,369,73210,
2023,广东,物理,368,73457,
2023,广东,物理,367,73704,
2023,广东,物理,366,73951,
2023,广东,物理,365,74198,
2023,广东,物理,364,74445,
2023,广东,物理,363,74692,
2023,广东,物理,362,74940,
2023,广东,物理,361,75187,
2023,广东,物理,360,75434,
2023,广东,物理,359,75681,
2023,广东,物理,358,75928,
2023,广东,物理,357,76175,
2023,广东,物理,356,76422,
2023,广东,物理,355,76670,
2023,广东,物理,354,76917,
2023,广东,物理,353,77164,
2023,广东,物理,352,77411,
2023,广东,物理,351,77658,
2023,广东,物理,350,77905,
2023,广东,物理,349,78152,
2023,广东,物理,348,78400,
2023,广东,物理,347,78647,
2023,广东,物理,346,78894,
2023,广东,物理,345,79141,
2023,广东,物理,344,79388,
2023,广东,物理,343,79635,
2023,广东,物理,342,79882,
2023,广东,物理,341,80130,
2023,广东,物理,340,80377,
2023,广东,物理,339,80624,
2023,广东,物理,338,80871,
2023,广东,物理,337,81118,
2023,广东,物理,336,81365,
2023,广东,物理,335,81612,
2023,广东,物理,334,81860,
2023,广东,物理,333,82107,
2023,广东,物理,332,82354,
2023,广东,物理,331,82601,
2023,广东,物理,330,82848,
2023,广东,物理,329,83095,
2023,广东,物理,328,83342,
2023,广东,物理,327,83590,
2023,广东,物理,326,83837,
2023,广东,物理,325,84084,
2023,广东,物理,324,84331,
2023,广东,物理,323,84578,
2023,广东,物理,322,84825,
2023,广东,物理,321,85072,
2023,广东,物理,320,85320,
2023,广东,物理,319,85567,
2023,广东,物理,318,85814,
2023,广东,物理,317,86061,
2023,广东,物理,316,86308,
2023,广东,物理,315,86555,
2023,广东,物理,314,86802,
2023,广东,物理,313,87050,
2023,广东,物理,312,87297,
2023,广东,物理,311,87544,
2023,广东,物理,310,87791,
2023,广东,物理,309,88038,
2023,广东,物理,308,88285,
2023,广东,物理,307,88532,
2023,广东,物理,306,88780,
2023,广东,物理,305,89027,
2023,广东,物理,304,89274,
2023,广东,物理,303,89521,
2023,广东,物理,302,89768,
2023,广东,物理,301,90015,
2023,广东,物理,300,90262,
2023,广东,物理,299,90510,
2023,广东,物理,298,90757,
2023,广东,物理,297,91004,
2023,广东,物理,296,91251,
2023,广东,物理,295,91498,
2023,广东,物理,294,91745,
2023,广东,物理,293,91992,
2023,广东,物理,292,92240,
2023,广东,物理,291,92487,
2023,广东,物理,290,92734,
2023,广东,物理,289,92981,
2023,广东,物理,288,93228,
2023,广东,物理,287,93475,
2023,广东,物理,286,93722,
2023,广东,物理,285,93970,
2023,广东,物理,284,94217,
2023,广东,物理,283,94464,
2023,广东,物理,282,94711,
2023,广东,物理,281,94958,
2023,广东,物理,280,95205,
2023,广东,物理,279,95452,
2023,广东,物理,278,95700,
2023,广东,物理,277,95947,
2023,广东,物理,276,96194,
2023,广东,物理,275,96441,
2023,广东,物理,274,96688,
2023,广东,物理,273,96935,
2023,广东,物理,272,97182,
2023,广东,物理,271,97430,
2023,广东,物理,270,97677,
2023,广东,物理,269,97924,
2023,广东,物理,268,98171,
2023,广东,物理,267,98418,
2023,广东,物理,266,98665,
2023,广东,物理,265,98912,
2023,广东,物理,264,99160,
2023,广东,物理,263,99407,
2023,广东,物理,262,99654,
2023,广东,物理,261,99901,
2023,广东,物理,260,100148,
2023,广东,物理,259,100395,
2023,广东,物理,258,100642,
2023,广东,物理,257,100890,
2023,广东,物理,256,101137,
2023,广东,物理,255,101384,
2023,广东,物理,254,101631,
2023,广东,物理,253,101878,
2023,广东,物理,252,102125,
2023,广东,物理,251,102372,
2023,广东,物理,250,102620,
2023,广东,物理,249,102867,
2023,广东,物理,248,103114,
2023,广东,物理,247,103361,
2023,广东,物理,246,103608,
2023,广东,物理,245,103855,
2023,广东,物理,244,104102,
2023,广东,物理,243,104350,
2023,广东,物理,242,104597,
2023,广东,物理,241,104844,
2023,广东,物理,240,105091,
2023,广东,物理,239,105338,
2023,广东,物理,238,105585,
2023,广东,物理,237,105832,
2023,广东,物理,236,106080,
2023,广东,物理,235,106327,
2023,广东,物理,234,106574,
2023,广东,物理,233,106821,
2023,广东,物理,232,107068,
2023,广东,物理,231,107315,
2023,广东,物理,230,107562,
2023,广东,物理,229,107810,
2023,广东,物理,228,108057,
2023,广东,物理,227,108304,
2023,广东,物理,226,108551,
2023,广东,物理,225,108798,
2023,广东,物理,224,109045,
2023,广东,物理,223,109292,
2023,广东,物理,222,109540,
2023,广东,物理,221,109787,
2023,广东,物理,220,110034,
2023,广东,物理,219,110281,
2023,广东,物理,218,110528,
2023,广东,物理,217,110775,
2023,广东,物理,216,111022,
2023,广东,物理,215,111270,
2023,广东,物理,214,111517,
2023,广东,物理,213,111764,
2023,广东,物理,212,112011,
2023,广东,物理,211,112258,
2023,广东,物理,210,112505,
2023,广东,物理,209,112752,
2023,广东,物理,208,113000,
2023,广东,物理,207,113247,
2023,广东,物理,206,113494,
2023,广东,物理,205,113741,
2023,广东,物理,204,113988,
2023,广东,物理,203,114235,
2023,广东,物理,202,114482,
2023,广东,物理,201,114730,
2023,广东,物理,200,114977,
2024,广东,历史,750,1,
2024,广东,历史,749,1,
2024,广东,历史,748,1,
2024,广东,历史,747,1,
2024,广东,历史,746,1,
2024,广东,历史,745,1,
2024,广东,历史,744,1,
2024,广东,历史,743,1,
2024,广东,历史,742,1,
2024,广东,历史,741,1,
2024,广东,历史,740,1,
2024,广东,历史,739,1,
2024,广东,历史,738,1,
2024,广东,历史,737,1,
2024,广东,历史,736,1,
2024,广东,历史,735,1,
2024,广东,历史,734,1,
2024,广东,历史,733,1,
2024,广东,历史,732,1,
2024,广东,历史,731,1,
2024,广东,历史,730,1,
2024,广东,历史,729,1,
2024,广东,历史,728,1,
2024,广东,历史,727,1,
2024,广东,历史,726,1,
2024,广东,历史,725,1,
2024,广东,历史,724,1,
2024,广东,历史,723,1,
2024,广东,历史,722,1,
2024,广东,历史,721,1,
2024,广东,历史,720,1,
2024,广东,历史,719,1,
2024,广东,历史,718,1,
2024,广东,历史,717,1,
2024,广东,历史,716,1,
2024,广东,历史,715,1,
2024,广东,历史,714,1,
2024,广东,历史,713,1,
2024,广东,历史,712,1,
2024,广东,历史,711,1,
2024,广东,历史,710,1,
2024,广东,历史,709,1,
2024,广东,历史,708,1,
2024,广东,历史,707,1,
2024,广东,历史,706,1,
2024,广东,历史,705,1,
2024,广东,历史,704,1,
2024,广东,历史,703,1,
2024,广东,历史,702,1,
2024,广东,历史,701,1,
2024,广东,历史,700,1,
2024,广东,历史,699,1,
2024,广东,历史,698,1,
2024,广东,历史,697,1,
2024,广东,历史,696,1,
2024,广东,历史,695,1,
2024,广东,历史,694,1,
2024,广东,历史,693,1,
2024,广东,历史,692,1,
2024,广东,历史,691,1,
2024,广东,历史,690,1,
2024,广东,历史,689,1,
2024,广东,历史,688,1,
2024,广东,历史,687,1,
2024,广东,历史,686,1,
2024,广东,历史,685,1,
2024,广东,历史,684,1,
2024,广东,历史,683,1,
2024,广东,历史,682,1,
2024,广东,历史,681,1,
2024,广东,历史,680,1,
2024,广东,历史,679,1,
2024,广东,历史,678,1,
2024,广东,历史,677,1,
2024,广东,历史,676,1,
2024,广东,历史,675,1,
2024,广东,历史,674,1,
2024,广东,历史,673,1,
2024,广东,历史,672,1,
2024,广东,历史,671,1,
2024,广东,历史,670,1,
2024,广东,历史,669,1,
2024,广东,历史,668,1,
2024,广东,历史,667,1,
2024,广东,历史,666,1,
2024,广东,历史,665,8,
2024,广东,历史,664,6,
2024,广东,历史,663,5,
2024,广东,历史,662,4,
2024,广东,历史,661,14,
2024,广东,历史,660,25,
2024,广东,历史,659,36,
2024,广东,历史,658,46,
2024,广东,历史,657,57,
2024,广东,历史,656,68,
2024,广东,历史,655,80,
2024,广东,历史,654,71,
2024,广东,历史,653,63,
2024,广东,历史,652,55,
2024,广东,历史,651,116,
2024,广东,历史,650,84,
2024,广东,历史,649,53,
2024,广东,历史,648,67,
2024,广东,历史,647,82,
2024,广东,历史,646,96,
2024,广东,历史,645,111,
2024,广东,历史,644,125,
2024,广东,历史,643,140,
2024,广东,历史,642,154,
2024,广东,历史,641,169,
2024,广东,历史,640,156,
2024,广东,历史,639,281,
2024,广东,历史,638,309,
2024,广东,历史,637,337,
2024,广东,历史,636,220,
2024,广东,历史,635,322,
2024,广东,历史,634,424,
2024,广东,历史,633,417,
2024,广东,历史,632,411,
2024,广东,历史,631,233,
2024,广东,历史,630,487,
2024,广东,历史,629,519,
2024,广东,历史,628,552,
2024,广东,历史,627,585,
2024,广东,历史,626,500,
2024,广东,历史,625,818,
2024,广东,历史,624,869,
2024,广东,历史,623,920,
2024,广东,历史,622,662,
2024,广东,历史,621,404,
2024,广东,历史,620,420,
2024,广东,历史,619,1121,
2024,广东,历史,618,374,
2024,广东,历史,617,1123,
2024,广东,历史,616,746,
2024,广东,历史,615,370,
2024,广东,历史,614,1404,
2024,广东,历史,613,1445,
2024,广东,历史,612,1486,
2024,广东,历史,611,827,
2024,广东,历史,610,1337,
2024,广东,历史,609,1945,
2024,广东,历史,608,1169,
2024,广东,历史,607,1662,
2024,广东,历史,606,293,
2024,广东,历史,605,955,
2024,广东,历史,604,523,
2024,广东,历史,603,1803,
2024,广东,历史,602,2792,
2024,广东,历史,601,2117,
2024,广东,历史,600,2675,
2024,广东,历史,599,1263,
2024,广东,历史,598,2266,
2024,广东,历史,597,3058,
2024,广东,历史,596,2614,
2024,广东,历史,595,2113,
2024,广东,历史,594,3547,
2024,广东,历史,593,418,
2024,广东,历史,592,921,
2024,广东,历史,591,4057,
2024,广东,历史,590,3030,
2024,广东,历史,589,3943,
2024,广东,历史,588,3928,
2024,广东,历史,587,2738,
2024,广东,历史,586,4594,
2024,广东,历史,585,4343,
2024,广东,历史,584,3637,
2024,广东,历史,583,3641,
2024,广东,历史,582,2412,
2024,广东,历史,581,5687,
2024,广东,历史,580,3370,
2024,广东,历史,579,4650,
2024,广东,历史,578,4304,
2024,广东,历史,577,3528,
2024,广东,历史,576,3054,
2024,广东,历史,575,4447,
2024,广东,历史,574,4689,
2024,广东,历史,573,3866,
2024,广东,历史,572,5725,
2024,广东,历史,571,3598,
2024,广东,历史,570,4984,
2024,广东,历史,569,4158,
2024,广东,历史,568,4071,
2024,广东,历史,567,9305,
2024,广东,历史,566,9630,
2024,广东,历史,565,6941,
2024,广东,历史,564,9997,
2024,广东,历史,563,5581,
2024,广东,历史,562,8828,
2024,广东,历史,561,4937,
2024,广东,历史,560,7707,
2024,广东,历史,559,11521,
2024,广东,历史,558,10727,
2024,广东,历史,557,6935,
2024,广东,历史,556,8633,
2024,广东,历史,555,9371,
2024,广东,历史,554,9180,
2024,广东,历史,553,8489,
2024,广东,历史,552,7633,
2024,广东,历史,551,7391,
2024,广东,历史,550,11604,
2024,广东,历史,549,10784,
2024,广东,历史,548,14402,
2024,广东,历史,547,8485,
2024,广东,历史,546,14840,
2024,广东,历史,545,15046,
2024,广东,历史,544,8142,
2024,广东,历史,543,12386,
2024,广东,历史,542,9628,
2024,广东,历史,541,6214,
2024,广东,历史,540,15103,
2024,广东,历史,539,10205,
2024,广东,历史,538,13158,
2024,广东,历史,537,12222,
2024,广东,历史,536,17512,
2024,广东,历史,535,11105,
2024,广东,历史,534,11413,
2024,广东,历史,533,9921,
2024,广东,历史,532,10182,
2024,广东,历史,531,15077,
2024,广东,历史,530,10589,
2024,广东,历史,529,5833,
2024,广东,历史,528,12835,
2024,广东,历史,527,17562,
2024,广东,历史,526,15238,
2024,广东,历史,525,22133,
2024,广东,历史,524,19313,
2024,广东,历史,523,18220,
2024,广东,历史,522,17797,
2024,广东,历史,521,20543,
2024,广东,历史,520,13783,
2024,广东,历史,519,22361,
2024,广东,历史,518,19861,
2024,广东,历史,517,23109,
2024,广东,历史,516,14972,
2024,广东,历史,515,27953,
2024,广东,历史,514,30522,
2024,广东,历史,513,23515,
2024,广东,历史,512,16717,
2024,广东,历史,511,24199,
2024,广东,历史,510,29403,
2024,广东,历史,509,23387,
2024,广东,历史,508,20748,
2024,广东,历史,507,26760,
2024,广东,历史,506,31617,
2024,广东,历史,505,15943,
2024,广东,历史,504,18349,
2024,广东,历史,503,27204,
2024,广东,历史,502,31931,
2024,广东,历史,501,31089,
2024,广东,历史,500,26105,
2024,广东,历史,499,26118,
2024,广东,历史,498,32517,
2024,广东,历史,497,21759,
2024,广东,历史,496,31709,
2024,广东,历史,495,20841,
2024,广东,历史,494,34151,
2024,广东,历史,493,33489,
2024,广东,历史,492,30508,
2024,广东,历史,491,29125,
2024,广东,历史,490,36584,
2024,广东,历史,489,27029,
2024,广东,历史,488,36837,
2024,广东,历史,487,42125,
2024,广东,历史,486,44326,
2024,广东,历史,485,44772,
2024,广东,历史,484,43184,
2024,广东,历史,483,38484,
2024,广东,历史,482,45090,
2024,广东,历史,481,49853,
2024,广东,历史,480,45967,
2024,广东,历史,479,46060,
2024,广东,历史,478,43534,
2024,广东,历史,477,33004,
2024,广东,历史,476,49185,
2024,广东,历史,475,46403,
2024,广东,历史,474,50628,
2024,广东,历史,473,47609,
2024,广东,历史,472,55251,
2024,广东,历史,471,52041,
2024,广东,历史,470,49944,
2024,广东,历史,469,44472,
2024,广东,历史,468,54111,
2024,广东,历史,467,56646,
2024,广东,历史,466,46764,
2024,广东,历史,465,44024,
2024,广东,历史,464,61255,
2024,广东,历史,463,56778,
2024,广东,历史,462,64786,
2024,广东,历史,461,59528,
2024,广东,历史,460,47910,
2024,广东,历史,459,56171,
2024,广东,历史,458,69214,
2024,广东,历史,457,45418,
2024,广东,历史,456,55611,
2024,广东,历史,455,66000,
2024,广东,历史,454,70347,
2024,广东,历史,453,73530,
2024,广东,历史,452,73897,
2024,广东,历史,451,69746,
2024,广东,历史,450,59042,
2024,广东,历史,449,56296,
2024,广东,历史,448,63871,
2024,广东,历史,447,71446,
2024,广东,历史,446,77034,
2024,广东,历史,445,74889,
2024,广东,历史,444,81065,
2024,广东,历史,443,46721,
2024,广东,历史,442,71728,
2024,广东,历史,441,83424,
2024,广东,历史,440,78659,
2024,广东,历史,439,68569,
2024,广东,历史,438,73383,
2024,广东,历史,437,52825,
2024,广东,历史,436,72234,
2024,广东,历史,435,63846,
2024,广东,历史,434,49369,
2024,广东,历史,433,84669,
2024,广东,历史,432,87443,
2024,广东,历史,431,76883,
2024,广东,历史,430,87740,
2024,广东,历史,429,61893,
2024,广东,历史,428,58505,
2024,广东,历史,427,96432,
2024,广东,历史,426,93965,
2024,广东,历史,425,74753,
2024,广东,历史,424,29339,
2024,广东,历史,423,48520,
2024,广东,历史,422,55240,
2024,广东,历史,421,52155,
2024,广东,历史,420,83193,
2024,广东,历史,419,54993,
2024,广东,历史,418,52778,
2024,广东,历史,417,88560,
2024,广东,历史,416,84993,
2024,广东,历史,415,78336,
2024,广东,历史,414,71679,
2024,广东,历史,413,103661,
2024,广东,历史,412,88350,
2024,广东,历史,411,110533,
2024,广东,历史,410,96329,
2024,广东,历史,409,97421,
2024,广东,历史,408,86948,
2024,广东,历史,407,72862,
2024,广东,历史,406,95010,
2024,广东,历史,405,62414,
2024,广东,历史,404,100935,
2024,广东,历史,403,109003,
2024,广东,历史,402,103948,
2024,广东,历史,401,92158,
2024,广东,历史,400,73605,
2024,广东,历史,399,75829,
2024,广东,历史,398,49057,
2024,广东,历史,397,94841,
2024,广东,历史,396,100010,
2024,广东,历史,395,74613,
2024,广东,历史,394,101709,
2024,广东,历史,393,108762,
2024,广东,历史,392,93430,
2024,广东,历史,391,101752,
2024,广东,历史,390,95630,
2024,广东,历史,389,109171,
2024,广东,历史,388,96571,
2024,广东,历史,387,100755,
2024,广东,历史,386,87102,
2024,广东,历史,385,112634,
2024,广东,历史,384,117267,
2024,广东,历史,383,123958,
2024,广东,历史,382,129314,
2024,广东,历史,381,128935,
2024,广东,历史,380,124570,
2024,广东,历史,379,110098,
2024,广东,历史,378,145937,
2024,广东,历史,377,114025,
2024,广东,历史,376,89249,
2024,广东,历史,375,124549,
2024,广东,历史,374,139474,
2024,广东,历史,373,95670,
2024,广东,历史,372,104935,
2024,广东,历史,371,122560,
2024,广东,历史,370,146037,
2024,广东,历史,369,120935,
2024,广东,历史,368,79847,
2024,广东,历史,367,94609,
2024,广东,历史,366,144346,
2024,广东,历史,365,138537,
2024,广东,历史,364,98283,
2024,广东,历史,363,136491,
2024,广东,历史,362,139751,
2024,广东,历史,361,74535,
2024,广东,历史,360,135592,
2024,广东,历史,359,128710,
2024,广东,历史,358,151038,
2024,广东,历史,357,135093,
2024,广东,历史,356,137680,
2024,广东,历史,355,152659,
2024,广东,历史,354,158330,
2024,广东,历史,353,164410,
2024,广东,历史,352,111157,
2024,广东,历史,351,160682,
2024,广东,历史,350,138585,
2024,广东,历史,349,162865,
2024,广东,历史,348,161082,
2024,广东,历史,347,137198,
2024,广东,历史,346,161501,
2024,广东,历史,345,167049,
2024,广东,历史,344,178257,
2024,广东,历史,343,116265,
2024,广东,历史,342,172103,
2024,广东,历史,341,176148,
2024,广东,历史,340,185334,
2024,广东,历史,339,167305,
2024,广东,历史,338,188403,
2024,广东,历史,337,147807,
2024,广东,历史,336,153208,
2024,广东,历史,335,191231,
2024,广东,历史,334,158995,
2024,广东,历史,333,130465,
2024,广东,历史,332,165619,
2024,广东,历史,331,190411,
2024,广东,历史,330,135890,
2024,广东,历史,329,147611,
2024,广东,历史,328,159332,
2024,广东,历史,327,171054,
2024,广东,历史,326,181877,
2024,广东,历史,325,181412,
2024,广东,历史,324,180948,
2024,广东,历史,323,196411,
2024,广东,历史,322,193732,
2024,广东,历史,321,183663,
2024,广东,历史,320,180514,
2024,广东,历史,319,196728,
2024,广东,历史,318,197798,
2024,广东,历史,317,198869,
2024,广东,历史,316,189183,
2024,广东,历史,315,179497,
2024,广东,历史,314,199569,
2024,广东,历史,313,187003,
2024,广东,历史,312,169783,
2024,广东,历史,311,179460,
2024,广东,历史,310,212425,
2024,广东,历史,309,185096,
2024,广东,历史,308,186335,
2024,广东,历史,307,167579,
2024,广东,历史,306,148824,
2024,广东,历史,305,112530,
2024,广东,历史,304,206565,
2024,广东,历史,303,211274,
2024,广东,历史,302,215984,
2024,广东,历史,301,195306,
2024,广东,历史,300,202149,
2024,广东,历史,299,220178,
2024,广东,历史,298,176774,
2024,广东,历史,297,191351,
2024,广东,历史,296,215987,
2024,广东,历史,295,227664,
2024,广东,历史,294,220196,
2024,广东,历史,293,223728,
2024,广东,历史,292,227261,
2024,广东,历史,291,230794,
2024,广东,历史,290,221990,
2024,广东,历史,289,213187,
2024,广东,历史,288,204384,
2024,广东,历史,287,214637,
2024,广东,历史,286,224890,
2024,广东,历史,285,224418,
2024,广东,历史,284,158305,
2024,广东,历史,283,229979,
2024,广东,历史,282,232954,
2024,广东,历史,281,235929,
2024,广东,历史,280,238904,
2024,广东,历史,279,239637,
2024,广东,历史,278,225704,
2024,广东,历史,277,235079,
2024,广东,历史,276,238821,
2024,广东,历史,275,180040,
2024,广东,历史,274,202181,
2024,广东,历史,273,224323,
2024,广东,历史,272,202525,
2024,广东,历史,271,180728,
2024,广东,历史,270,202311,
2024,广东,历史,269,223894,
2024,广东,历史,268,245478,
2024,广东,历史,267,210634,
2024,广东,历史,266,175791,
2024,广东,历史,265,212506,
2024,广东,历史,264,249221,
2024,广东,历史,263,248464,
2024,广东,历史,262,247708,
2024,广东,历史,261,249368,
2024,广东,历史,260,251028,
2024,广东,历史,259,248654,
2024,广东,历史,258,252198,
2024,广东,历史,257,252515,
2024,广东,历史,256,252833,
2024,广东,历史,255,253151,
2024,广东,历史,254,253469,
2024,广东,历史,253,253787,
2024,广东,历史,252,254105,
2024,广东,历史,251,254423,
2024,广东,历史,250,254740,
2024,广东,历史,249,255058,
2024,广东,历史,248,255376,
2024,广东,历史,247,255694,
2024,广东,历史,246,256012,
2024,广东,历史,245,256330,
2024,广东,历史,244,256648,
2024,广东,历史,243,256965,
2024,广东,历史,242,257283,
2024,广东,历史,241,257601,
2024,广东,历史,240,257919,
2024,广东,历史,239,258237,
2024,广东,历史,238,258555,
2024,广东,历史,237,258873,
2024,广东,历史,236,251861,
2024,广东,历史,235,244849,
2024,广东,历史,234,237837,
2024,广东,历史,233,230825,
2024,广东,历史,232,223813,
2024,广东,历史,231,216801,
2024,广东,历史,230,223458,
2024,广东,历史,229,230115,
2024,广东,历史,228,236772,
2024,广东,历史,227,243429,
2024,广东,历史,226,250086,
2024,广东,历史,225,256743,
2024,广东,历史,224,263401,
2024,广东,历史,223,262346,
2024,广东,历史,222,261291,
2024,广东,历史,221,260237,
2024,广东,历史,220,259182,
2024,广东,历史,219,258127,
2024,广东,历史,218,257073,
2024,广东,历史,217,256018,
2024,广东,历史,216,254963,
2024,广东,历史,215,253909,
2024,广东,历史,214,254785,
2024,广东,历史,213,255662,
2024,广东,历史,212,257032,
2024,广东,历史,211,258402,
2024,广东,历史,210,259772,
2024,广东,历史,209,261142,
2024,广东,历史,208,262512,
2024,广东,历史,207,263882,
2024,广东,历史,206,264922,
2024,广东,历史,205,265962,
2024,广东,历史,204,266096,
2024,广东,历史,203,266231,
2024,广东,历史,202,266366,
2024,广东,历史,201,266501,
2024,广东,历史,200,266635,
2024,广东,物理,750,1,
2024,广东,物理,749,1,
2024,广东,物理,748,1,
2024,广东,物理,747,1,
2024,广东,物理,746,1,
2024,广东,物理,745,1,
2024,广东,物理,744,1,
2024,广东,物理,743,1,
2024,广东,物理,742,1,
2024,广东,物理,741,1,
2024,广东,物理,740,1,
2024,广东,物理,739,1,
2024,广东,物理,738,1,
2024,广东,物理,737,1,
2024,广东,物理,736,1,
2024,广东,物理,735,1,
2024,广东,物理,734,1,
2024,广东,物理,733,1,
2024,广东,物理,732,1,
2024,广东,物理,731,1,
2024,广东,物理,730,1,
2024,广东,物理,729,1,
2024,广东,物理,728,1,
2024,广东,物理,727,1,
2024,广东,物理,726,1,
2024,广东,物理,725,1,
2024,广东,物理,724,1,
2024,广东,物理,723,1,
2024,广东,物理,722,1,
2024,广东,物理,721,1,
2024,广东,物理,720,1,
2024,广东,物理,719,1,
2024,广东,物理,718,1,
2024,广东,物理,717,1,
2024,广东,物理,716,1,
2024,广东,物理,715,1,
2024,广东,物理,714,1,
2024,广东,物理,713,1,
2024,广东,物理,712,1,
2024,广东,物理,711,1,
2024,广东,物理,710,1,
2024,广东,物理,709,1,
2024,广东,物理,708,1,
2024,广东,物理,707,1,
2024,广东,物理,706,1,
2024,广东,物理,705,1,
2024,广东,物理,704,1,
2024,广东,物理,703,1,
2024,广东,物理,702,1,
2024,广东,物理,701,1,
2024,广东,物理,700,1,
2024,广东,物理,699,1,
2024,广东,物理,698,1,
2024,广东,物理,697,1,
2024,广东,物理,696,1,
2024,广东,物理,695,1,
2024,广东,物理,694,1,
2024,广东,物理,693,1,
2024,广东,物理,692,1,
2024,广东,物理,691,1,
2024,广东,物理,690,1,
2024,广东,物理,689,15,
2024,广东,物理,688,7,
2024,广东,物理,687,39,
2024,广东,物理,686,71,
2024,广东,物理,685,103,
2024,广东,物理,684,135,
2024,广东,物理,683,167,
2024,广东,物理,682,146,
2024,广东,物理,681,125,
2024,广东,物理,680,105,
2024,广东,物理,679,249,
2024,广东,物理,678,162,
2024,广东,物理,677,76,
2024,广东,物理,676,85,
2024,广东,物理,675,94,
2024,广东,物理,674,104,
2024,广东,物理,673,179,
2024,广东,物理,672,254,
2024,广东,物理,671,322,
2024,广东,物理,670,390,
2024,广东,物理,669,450,
2024,广东,物理,668,511,
2024,广东,物理,667,204,
2024,广东,物理,666,968,
2024,广东,物理,665,1031,
2024,广东,物理,664,972,
2024,广东,物理,663,1177,
2024,广东,物理,662,1156,
2024,广东,物理,661,1335,
2024,广东,物理,660,1509,
2024,广东,物理,659,1170,
2024,广东,物理,658,832,
2024,广东,物理,657,494,
2024,广东,物理,656,1390,
2024,广东,物理,655,1605,
2024,广东,物理,654,1821,
2024,广东,物理,653,2037,
2024,广东,物理,652,2253,
2024,广东,物理,651,1867,
2024,广东,物理,650,1054,
2024,广东,物理,649,1532,
2024,广东,物理,648,672,
2024,广东,物理,647,2004,
2024,广东,物理,646,3336,
2024,广东,物理,645,477,
2024,广东,物理,644,2607,
2024,广东,物理,643,2612,
2024,广东,物理,642,1543,
2024,广东,物理,641,2354,
2024,广东,物理,640,1797,
2024,广东,物理,639,1902,
2024,广东,物理,638,957,
2024,广东,物理,637,4390,
2024,广东,物理,636,5471,
2024,广东,物理,635,8500,
2024,广东,物理,634,810,
2024,广东,物理,633,1451,
2024,广东,物理,632,3289,
2024,广东,物理,631,5128,
2024,广东,物理,630,2568,
2024,广东,物理,629,7296,
2024,广东,物理,628,2555,
2024,广东,物理,627,8570,
2024,广东,物理,626,6823,
2024,广东,物理,625,3972,
2024,广东,物理,624,5836,
2024,广东,物理,623,6211,
2024,广东,物理,622,8402,
2024,广东,物理,621,10594,
2024,广东,物理,620,7571,
2024,广东,物理,619,11407,
2024,广东,物理,618,8208,
2024,广东,物理,617,5090,
2024,广东,物理,616,5640,
2024,广东,物理,615,8090,
2024,广东,物理,614,6371,
2024,广东,物理,613,10569,
2024,广东,物理,612,5586,
2024,广东,物理,611,8914,
2024,广东,物理,610,3319,
2024,广东,物理,609,4536,
2024,广东,物理,608,12508,
2024,广东,物理,607,4197,
2024,广东,物理,606,14197,
2024,广东,物理,605,8660,
2024,广东,物理,604,8734,
2024,广东,物理,603,7406,
2024,广东,物理,602,9875,
2024,广东,物理,601,9795,
2024,广东,物理,600,5402,
2024,广东,物理,599,16585,
2024,广东,物理,598,17183,
2024,广东,物理,597,10265,
2024,广东,物理,596,17428,
2024,广东,物理,595,14509,
2024,广东,物理,594,16993,
2024,广东,物理,593,12500,
2024,广东,物理,592,2987,
2024,广东,物理,591,16745,
2024,广东,物理,590,14500,
2024,广东,物理,589,14383,
2024,广东,物理,588,17267,
2024,广东,物理,587,17838,
2024,广东,物理,586,10482,
2024,广东,物理,585,17591,
2024,广东,物理,584,9668,
2024,广东,物理,583,8912,
2024,广东,物理,582,23548,
2024,广东,物理,581,14768,
2024,广东,物理,580,17200,
2024,广东,物理,579,19840,
2024,广东,物理,578,23877,
2024,广东,物理,577,29033,
2024,广东,物理,576,23710,
2024,广东,物理,575,21380,
2024,广东,物理,574,7310,
2024,广东,物理,573,37493,
2024,广东,物理,572,31202,
2024,广东,物理,571,18598,
2024,广东,物理,570,27674,
2024,广东,物理,569,35440,
2024,广东,物理,568,32732,
2024,广东,物理,567,26058,
2024,广东,物理,566,27525,
2024,广东,物理,565,24800,
2024,广东,物理,564,35699,
2024,广东,物理,563,28755,
2024,广东,物理,562,41018,
2024,广东,物理,561,34487,
2024,广东,物理,560,24608,
2024,广东,物理,559,37242,
2024,广东,物理,558,39768,
2024,广东,物理,557,25421,
2024,广东,物理,556,38797,
2024,广东,物理,555,28000,
2024,广东,物理,554,35680,
2024,广东,物理,553,18666,
2024,广东,物理,552,43059,
2024,广东,物理,551,42125,
2024,广东,物理,550,23402,
2024,广东,物理,549,39993,
2024,广东,物理,548,44980,
2024,广东,物理,547,21541,
2024,广东,物理,546,38408,
2024,广东,物理,545,51459,
2024,广东,物理,544,52505,
2024,广东,物理,543,26574,
2024,广东,物理,542,48776,
2024,广东,物理,541,31109,
2024,广东,物理,540,35000,
2024,广东,物理,539,61238,
2024,广东,物理,538,43987,
2024,广东,物理,537,55750,
2024,广东,物理,536,64458,
2024,广东,物理,535,19304,
2024,广东,物理,534,49115,
2024,广东,物理,533,50155,
2024,广东,物理,532,69865,
2024,广东,物理,531,61197,
2024,广东,物理,530,59114,
2024,广东,物理,529,25410,
2024,广东,物理,528,38221,
2024,广东,物理,527,73803,
2024,广东,物理,526,70658,
2024,广东,物理,525,25815,
2024,广东,物理,524,42174,
2024,广东,物理,523,67691,
2024,广东,物理,522,29398,
2024,广东,物理,521,47513,
2024,广东,物理,520,68159,
2024,广东,物理,519,85764,
2024,广东,物理,518,81378,
2024,广东,物理,517,86554,
2024,广东,物理,516,34505,
2024,广东,物理,515,86719,
2024,广东,物理,514,73144,
2024,广东,物理,513,66290,
2024,广东,物理,512,43316,
2024,广东,物理,511,33509,
2024,广东,物理,510,65133,
2024,广东,物理,509,78332,
2024,广东,物理,508,62680,
2024,广东,物理,507,75674,
2024,广东,物理,506,102729,
2024,广东,物理,505,101587,
2024,广东,物理,504,91419,
2024,广东,物理,503,104601,
2024,广东,物理,502,92262,
2024,广东,物理,501,106315,
2024,广东,物理,500,105973,
2024,广东,物理,499,70756,
2024,广东,物理,498,116325,
2024,广东,物理,497,94899,
2024,广东,物理,496,105475,
2024,广东,物理,495,71313,
2024,广东,物理,494,102413,
2024,广东,物理,493,116195,
2024,广东,物理,492,124610,
2024,广东,物理,491,131496,
2024,广东,物理,490,131471,
2024,广东,物理,489,98609,
2024,广东,物理,488,138188,
2024,广东,物理,487,95306,
2024,广东,物理,486,122468,
2024,广东,物理,485,150587,
2024,广东,物理,484,159669,
2024,广东,物理,483,153951,
2024,广东,物理,482,161636,
2024,广东,物理,481,160515,
2024,广东,物理,480,114024,
2024,广东,物理,479,160968,
2024,广东,物理,478,159077,
2024,广东,物理,477,171294,
2024,广东,物理,476,166417,
2024,广东,物理,475,164840,
2024,广东,物理,474,167830,
2024,广东,物理,473,95068,
2024,广东,物理,472,181396,
2024,广东,物理,471,184162,
2024,广东,物理,470,181969,
2024,广东,物理,469,192563,
2024,广东,物理,468,180636,
2024,广东,物理,467,186030,
2024,广东,物理,466,184494,
2024,广东,物理,465,102211,
2024,广东,物理,464,191778,
2024,广东,物理,463,174394,
2024,广东,物理,462,182747,
2024,广东,物理,461,164365,
2024,广东,物理,460,220835,
2024,广东,物理,459,186607,
2024,广东,物理,458,179176,
2024,广东,物理,457,191489,
2024,广东,物理,456,193809,
2024,广东,物理,455,153282,
2024,广东,物理,454,219853,
2024,广东,物理,453,203880,
2024,广东,物理,452,231602,
2024,广东,物理,451,210450,
2024,广东,物理,450,200835,
2024,广东,物理,449,163561,
2024,广东,物理,448,187689,
2024,广东,物理,447,207621,
2024,广东,物理,446,236570,
2024,广东,物理,445,209402,
2024,广东,物理,444,163176,
2024,广东,物理,443,230698,
2024,广东,物理,442,211039,
2024,广东,物理,441,203207,
2024,广东,物理,440,199910,
2024,广东,物理,439,207000,
2024,广东,物理,438,234456,
2024,广东,物理,437,260373,
2024,广东,物理,436,183291,
2024,广东,物理,435,213348,
2024,广东,物理,434,232446,
2024,广东,物理,433,209712,
2024,广东,物理,432,255547,
2024,广东,物理,431,186195,
2024,广东,物理,430,180545,
2024,广东,物理,429,196718,
2024,广东,物理,428,229289,
2024,广东,物理,427,181423,
2024,广东,物理,426,174832,
2024,广东,物理,425,257201,
2024,广东,物理,424,254759,
2024,广东,物理,423,222734,
2024,广东,物理,422,155925,
2024,广东,物理,421,265750,
2024,广东,物理,420,229567,
2024,广东,物理,419,174975,
2024,广东,物理,418,237940,
2024,广东,物理,417,278773,
2024,广东,物理,416,198217,
2024,广东,物理,415,176017,
2024,广东,物理,414,273021,
2024,广东,物理,413,273997,
2024,广东,物理,412,245170,
2024,广东,物理,411,250130,
2024,广东,物理,410,274550,
2024,广东,物理,409,258628,
2024,广东,物理,408,264673,
2024,广东,物理,407,243306,
2024,广东,物理,406,262909,
2024,广东,物理,405,287320,
2024,广东,物理,404,272518,
2024,广东,物理,403,270490,
2024,广东,物理,402,283948,
2024,广东,物理,401,282297,
2024,广东,物理,400,252376,
2024,广东,物理,399,278338,
2024,广东,物理,398,303422,
2024,广东,物理,397,231692,
2024,广东,物理,396,304557,
2024,广东,物理,395,279882,
2024,广东,物理,394,308772,
2024,广东,物理,393,293902,
2024,广东,物理,392,298607,
2024,广东,物理,391,314981,
2024,广东,物理,390,295383,
2024,广东,物理,389,298583,
2024,广东,物理,388,238750,
2024,广东,物理,387,317653,
2024,广东,物理,386,275338,
2024,广东,物理,385,305906,
2024,广东,物理,384,290688,
2024,广东,物理,383,326929,
2024,广东,物理,382,251095,
2024,广东,物理,381,241465,
2024,广东,物理,380,313973,
2024,广东,物理,379,281475,
2024,广东,物理,378,270749,
2024,广东,物理,377,298467,
2024,广东,物理,376,265962,
2024,广东,物理,375,289971,
2024,广东,物理,374,327723,
2024,广东,物理,373,292665,
2024,广东,物理,372,316114,
2024,广东,物理,371,295455,
2024,广东,物理,370,292889,
2024,广东,物理,369,277934,
2024,广东,物理,368,278208,
2024,广东,物理,367,329963,
2024,广东,物理,366,342571,
2024,广东,物理,365,290070,
2024,广东,物理,364,263773,
2024,广东,物理,363,311265,
2024,广东,物理,362,300310,
2024,广东,物理,361,267710,
2024,广东,物理,360,312859,
2024,广东,物理,359,295939,
2024,广东,物理,358,250732,
2024,广东,物理,357,351340,
2024,广东,物理,356,314198,
2024,广东,物理,355,334054,
2024,广东,物理,354,323774,
2024,广东,物理,353,267076,
2024,广东,物理,352,287262,
2024,广东,物理,351,298833,
2024,广东,物理,350,331195,
2024,广东,物理,349,333475,
2024,广东,物理,348,351788,
2024,广东,物理,347,359005,
2024,广东,物理,346,354550,
2024,广东,物理,345,318714,
2024,广东,物理,344,360370,
2024,广东,物理,343,343727,
2024,广东,物理,342,367025,
2024,广东,物理,341,362072,
2024,广东,物理,340,325980,
2024,广东,物理,339,354293,
2024,广东,物理,338,285157,
2024,广东,物理,337,354630,
2024,广东,物理,336,268199,
2024,广东,物理,335,388365,
2024,广东,物理,334,389292,
2024,广东,物理,333,354125,
2024,广东,物理,332,390960,
2024,广东,物理,331,327897,
2024,广东,物理,330,353097,
2024,广东,物理,329,378297,
2024,广东,物理,328,359220,
2024,广东,物理,327,371739,
2024,广东,物理,326,384258,
2024,广东,物理,325,378849,
2024,广东,物理,324,395789,
2024,广东,物理,323,364313,
2024,广东,物理,322,363903,
2024,广东,物理,321,356143,
2024,广东,物理,320,379923,
2024,广东,物理,319,369940,
2024,广东,物理,318,359958,
2024,广东,物理,317,399997,
2024,广东,物理,316,287882,
2024,广东,物理,315,335009,
2024,广东,物理,314,296214,
2024,广东,物理,313,277228,
2024,广东,物理,312,333361,
2024,广东,物理,311,389494,
2024,广东,物理,310,381078,
2024,广东,物理,309,386840,
2024,广东,物理,308,392602,
2024,广东,物理,307,398364,
2024,广东,物理,306,370088,
2024,广东,物理,305,341813,
2024,广东,物理,304,374394,
2024,广东,物理,303,362797,
2024,广东,物理,302,351201,
2024,广东,物理,301,367150,
2024,广东,物理,300,383099,
2024,广东,物理,299,399048,
2024,广东,物理,298,414998,
2024,广东,物理,297,402629,
2024,广东,物理,296,393795,
2024,广东,物理,295,417120,
2024,广东,物理,294,401363,
2024,广东,物理,293,374439,
2024,广东,物理,292,393501,
2024,广东,物理,291,412564,
2024,广东,物理,290,414021,
2024,广东,物理,289,415479,
2024,广东,物理,288,416937,
2024,广东,物理,287,418395,
2024,广东,物理,286,422412,
2024,广东,物理,285,418232,
2024,广东,物理,284,420943,
2024,广东,物理,283,423655,
2024,广东,物理,282,424278,
2024,广东,物理,281,424902,
2024,广东,物理,280,414688,
2024,广东,物理,279,404474,
2024,广东,物理,278,426830,
2024,广东,物理,277,374459,
2024,广东,物理,276,322088,
2024,广东,物理,275,368587,
2024,广东,物理,274,415086,
2024,广东,物理,273,428039,
2024,广东,物理,272,378557,
2024,广东,物理,271,410265,
2024,广东,物理,270,413048,
2024,广东,物理,269,415831,
2024,广东,物理,268,418614,
2024,广东,物理,267,421397,
2024,广东,物理,266,424180,
2024,广东,物理,265,426963,
2024,广东,物理,264,429746,
2024,广东,物理,263,432529,
2024,广东,物理,262,434244,
2024,广东,物理,261,423960,
2024,广东,物理,260,413676,
2024,广东,物理,259,403393,
2024,广东,物理,258,406857,
2024,广东,物理,257,410322,
2024,广东,物理,256,413787,
2024,广东,物理,255,417251,
2024,广东,物理,254,420716,
2024,广东,物理,253,424181,
2024,广东,物理,252,427646,
2024,广东,物理,251,432708,
2024,广东,物理,250,433419,
2024,广东,物理,249,434131,
2024,广东,物理,248,434842,
2024,广东,物理,247,435554,
2024,广东,物理,246,436266,
2024,广东,物理,245,436977,
2024,广东,物理,244,437689,
2024,广东,物理,243,438400,
2024,广东,物理,242,439112,
2024,广东,物理,241,439824,
2024,广东,物理,240,440536,
2024,广东,物理,239,441248,
2024,广东,物理,238,441961,
2024,广东,物理,237,442673,
2024,广东,物理,236,443386,
2024,广东,物理,235,422106,
2024,广东,物理,234,400827,
2024,广东,物理,233,401990,
2024,广东,物理,232,403154,
2024,广东,物理,231,404318,
2024,广东,物理,230,405482,
2024,广东,物理,229,406646,
2024,广东,物理,228,407810,
2024,广东,物理,227,408974,
2024,广东,物理,226,410138,
2024,广东,物理,225,411302,
2024,广东,物理,224,412466,
2024,广东,物理,223,413630,
2024,广东,物理,222,414794,
2024,广东,物理,221,415958,
2024,广东,物理,220,417122,
2024,广东,物理,219,418286,
2024,广东,物理,218,419450,
2024,广东,物理,217,420614,
2024,广东,物理,216,421778,
2024,广东,物理,215,422942,
2024,广东,物理,214,424106,
2024,广东,物理,213,425270,
2024,广东,物理,212,426434,
2024,广东,物理,211,427598,
2024,广东,物理,210,428762,
2024,广东,物理,209,432688,
2024,广东,物理,208,436614,
2024,广东,物理,207,440540,
2024,广东,物理,206,444466,
2024,广东,物理,205,448392,
2024,广东,物理,204,446549,
2024,广东,物理,203,444706,
2024,广东,物理,202,442863,
2024,广东,物理,201,441021,
2024,广东,物理,200,441021,
2025,广东,历史,750,1,
2025,广东,历史,749,1,
2025,广东,历史,748,1,
2025,广东,历史,747,1,
2025,广东,历史,746,1,
2025,广东,历史,745,1,
2025,广东,历史,744,1,
2025,广东,历史,743,1,
2025,广东,历史,742,1,
2025,广东,历史,741,1,
2025,广东,历史,740,1,
2025,广东,历史,739,1,
2025,广东,历史,738,1,
2025,广东,历史,737,1,
2025,广东,历史,736,1,
2025,广东,历史,735,1,
2025,广东,历史,734,1,
2025,广东,历史,733,1,
2025,广东,历史,732,1,
2025,广东,历史,731,1,
2025,广东,历史,730,1,
2025,广东,历史,729,1,
2025,广东,历史,728,1,
2025,广东,历史,727,1,
2025,广东,历史,726,1,
2025,广东,历史,725,1,
2025,广东,历史,724,1,
2025,广东,历史,723,1,
2025,广东,历史,722,1,
2025,广东,历史,721,1,
2025,广东,历史,720,1,
2025,广东,历史,719,1,
2025,广东,历史,718,1,
2025,广东,历史,717,1,
2025,广东,历史,716,1,
2025,广东,历史,715,1,
2025,广东,历史,714,1,
2025,广东,历史,713,1,
2025,广东,历史,712,1,
2025,广东,历史,711,1,
2025,广东,历史,710,1,
2025,广东,历史,709,1,
2025,广东,历史,708,1,
2025,广东,历史,707,1,
2025,广东,历史,706,1,
2025,广东,历史,705,1,
2025,广东,历史,704,1,
2025,广东,历史,703,1,
2025,广东,历史,702,1,
2025,广东,历史,701,1,
2025,广东,历史,700,1,
2025,广东,历史,699,1,
2025,广东,历史,698,1,
2025,广东,历史,697,1,
2025,广东,历史,696,1,
2025,广东,历史,695,1,
2025,广东,历史,694,1,
2025,广东,历史,693,1,
2025,广东,历史,692,1,
2025,广东,历史,691,1,
2025,广东,历史,690,1,
2025,广东,历史,689,1,
2025,广东,历史,688,1,
2025,广东,历史,687,1,
2025,广东,历史,686,1,
2025,广东,历史,685,1,
2025,广东,历史,684,1,
2025,广东,历史,683,1,
2025,广东,历史,682,1,
2025,广东,历史,681,1,
2025,广东,历史,680,1,
2025,广东,历史,679,1,
2025,广东,历史,678,1,
2025,广东,历史,677,3,
2025,广东,历史,676,8,
2025,广东,历史,675,13,
2025,广东,历史,674,15,
2025,广东,历史,673,18,
2025,广东,历史,672,20,
2025,广东,历史,671,23,
2025,广东,历史,670,25,
2025,广东,历史,669,28,
2025,广东,历史,668,34,
2025,广东,历史,667,41,
2025,广东,历史,666,46,
2025,广东,历史,665,52,
2025,广东,历史,664,57,
2025,广东,历史,663,63,
2025,广东,历史,662,75,
2025,广东,历史,661,88,
2025,广东,历史,660,97,
2025,广东,历史,659,106,
2025,广东,历史,658,116,
2025,广东,历史,657,127,
2025,广东,历史,656,137,
2025,广东,历史,655,148,
2025,广东,历史,654,154,
2025,广东,历史,653,165,
2025,广东,历史,652,176,
2025,广东,历史,651,187,
2025,广东,历史,650,215,
2025,广东,历史,649,223,
2025,广东,历史,648,260,
2025,广东,历史,647,271,
2025,广东,历史,646,303,
2025,广东,历史,645,335,
2025,广东,历史,644,359,
2025,广东,历史,643,412,
2025,广东,历史,642,461,
2025,广东,历史,641,483,
2025,广东,历史,640,524,
2025,广东,历史,639,565,
2025,广东,历史,638,606,
2025,广东,历史,637,647,
2025,广东,历史,636,695,
2025,广东,历史,635,743,
2025,广东,历史,634,808,
2025,广东,历史,633,873,
2025,广东,历史,632,964,
2025,广东,历史,631,989,
2025,广东,历史,630,1045,
2025,广东,历史,629,1115,
2025,广东,历史,628,1185,
2025,广东,历史,627,1284,
2025,广东,历史,626,1346,
2025,广东,历史,625,1433,
2025,广东,历史,624,1496,
2025,广东,历史,623,1590,
2025,广东,历史,622,1700,
2025,广东,历史,621,1784,
2025,广东,历史,620,1898,
2025,广东,历史,619,2037,
2025,广东,历史,618,2156,
2025,广东,历史,617,2260,
2025,广东,历史,616,2394,
2025,广东,历史,615,2478,
2025,广东,历史,614,2611,
2025,广东,历史,613,2771,
2025,广东,历史,612,2898,
2025,广东,历史,611,3037,
2025,广东,历史,610,3200,
2025,广东,历史,609,3362,
2025,广东,历史,608,3576,
2025,广东,历史,607,3729,
2025,广东,历史,606,3866,
2025,广东,历史,605,4059,
2025,广东,历史,604,4272,
2025,广东,历史,603,4448,
2025,广东,历史,602,4653,
2025,广东,历史,601,4875,
2025,广东,历史,600,5092,
2025,广东,历史,599,5336,
2025,广东,历史,598,5522,
2025,广东,历史,597,5812,
2025,广东,历史,596,5991,
2025,广东,历史,595,6309,
2025,广东,历史,594,6495,
2025,广东,历史,593,6775,
2025,广东,历史,592,7015,
2025,广东,历史,591,7278,
2025,广东,历史,590,7555,
2025,广东,历史,589,7879,
2025,广东,历史,588,8181,
2025,广东,历史,587,8487,
2025,广东,历史,586,8854,
2025,广东,历史,585,9175,
2025,广东,历史,584,9499,
2025,广东,历史,583,9799,
2025,广东,历史,582,10157,
2025,广东,历史,581,10509,
2025,广东,历史,580,10923,
2025,广东,历史,579,11310,
2025,广东,历史,578,11633,
2025,广东,历史,577,11946,
2025,广东,历史,576,12295,
2025,广东,历史,575,12653,
2025,广东,历史,574,13127,
2025,广东,历史,573,13450,
2025,广东,历史,572,13791,
2025,广东,历史,571,14216,
2025,广东,历史,570,14546,
2025,广东,历史,569,14915,
2025,广东,历史,568,15356,
2025,广东,历史,567,15756,
2025,广东,历史,566,16179,
2025,广东,历史,565,16644,
2025,广东,历史,564,17130,
2025,广东,历史,563,17584,
2025,广东,历史,562,17999,
2025,广东,历史,561,18443,
2025,广东,历史,560,18899,
2025,广东,历史,559,19456,
2025,广东,历史,558,19862,
2025,广东,历史,557,20342,
2025,广东,历史,556,20856,
2025,广东,历史,555,21303,
2025,广东,历史,554,21798,
2025,广东,历史,553,22306,
2025,广东,历史,552,22822,
2025,广东,历史,551,23345,
2025,广东,历史,550,23808,
2025,广东,历史,549,24374,
2025,广东,历史,548,24872,
2025,广东,历史,547,25425,
2025,广东,历史,546,25998,
2025,广东,历史,545,26552,
2025,广东,历史,544,27090,
2025,广东,历史,543,27641,
2025,广东,历史,542,28232,
2025,广东,历史,541,28859,
2025,广东,历史,540,29471,
2025,广东,历史,539,30050,
2025,广东,历史,538,30702,
2025,广东,历史,537,31339,
2025,广东,历史,536,31869,
2025,广东,历史,535,32531,
2025,广东,历史,534,33166,
2025,广东,历史,533,33813,
2025,广东,历史,532,34449,
2025,广东,历史,531,35034,
2025,广东,历史,530,35770,
2025,广东,历史,529,36338,
2025,广东,历史,528,37027,
2025,广东,历史,527,37675,
2025,广东,历史,526,38322,
2025,广东,历史,525,39142,
2025,广东,历史,524,39754,
2025,广东,历史,523,40396,
2025,广东,历史,522,41130,
2025,广东,历史,521,41819,
2025,广东,历史,520,42428,
2025,广东,历史,519,43139,
2025,广东,历史,518,43842,
2025,广东,历史,517,44563,
2025,广东,历史,516,45282,
2025,广东,历史,515,46005,
2025,广东,历史,514,46732,
2025,广东,历史,513,47448,
2025,广东,历史,512,48338,
2025,广东,历史,511,48892,
2025,广东,历史,510,49827,
2025,广东,历史,509,50509,
2025,广东,历史,508,51249,
2025,广东,历史,507,52014,
2025,广东,历史,506,52849,
2025,广东,历史,505,53592,
2025,广东,历史,504,54539,
2025,广东,历史,503,55311,
2025,广东,历史,502,55979,
2025,广东,历史,501,56784,
2025,广东,历史,500,57622,
2025,广东,历史,499,58452,
2025,广东,历史,498,59189,
2025,广东,历史,497,60042,
2025,广东,历史,496,60983,
2025,广东,历史,495,61699,
2025,广东,历史,494,62582,
2025,广东,历史,493,63390,
2025,广东,历史,492,64346,
2025,广东,历史,491,65111,
2025,广东,历史,490,66025,
2025,广东,历史,489,67094,
2025,广东,历史,488,68133,
2025,广东,历史,487,68794,
2025,广东,历史,486,69814,
2025,广东,历史,485,70509,
2025,广东,历史,484,71469,
2025,广东,历史,483,72390,
2025,广东,历史,482,73295,
2025,广东,历史,481,74227,
2025,广东,历史,480,75158,
2025,广东,历史,479,76093,
2025,广东,历史,478,76986,
2025,广东,历史,477,78042,
2025,广东,历史,476,79111,
2025,广东,历史,475,79710,
2025,广东,历史,474,80722,
2025,广东,历史,473,81790,
2025,广东,历史,472,82580,
2025,广东,历史,471,83694,
2025,广东,历史,470,84575,
2025,广东,历史,469,85665,
2025,广东,历史,468,86804,
2025,广东,历史,467,87628,
2025,广东,历史,466,88641,
2025,广东,历史,465,89626,
2025,广东,历史,464,90689,
2025,广东,历史,463,91671,
2025,广东,历史,462,92714,
2025,广东,历史,461,94630,
2025,广东,历史,460,94853,
2025,广东,历史,459,96249,
2025,广东,历史,458,97408,
2025,广东,历史,457,97902,
2025,广东,历史,456,99133,
2025,广东,历史,455,100370,
2025,广东,历史,454,101090,
2025,广东,历史,453,102276,
2025,广东,历史,452,103409,
2025,广东,历史,451,104411,
2025,广东,历史,450,105760,
2025,广东,历史,449,106527,
2025,广东,历史,448,107533,
2025,广东,历史,447,108817,
2025,广东,历史,446,110016,
2025,广东,历史,445,111310,
2025,广东,历史,444,111926,
2025,广东,历史,443,112942,
2025,广东,历史,442,114214,
2025,广东,历史,441,115130,
2025,广东,历史,440,116138,
2025,广东,历史,439,117125,
2025,广东,历史,438,118265,
2025,广东,历史,437,119397,
2025,广东,历史,436,120983,
2025,广东,历史,435,121831,
2025,广东,历史,434,122693,
2025,广东,历史,433,123819,
2025,广东,历史,432,124867,
2025,广东,历史,431,126185,
2025,广东,历史,430,127053,
2025,广东,历史,429,128204,
2025,广东,历史,428,129610,
2025,广东,历史,427,130559,
2025,广东,历史,426,131692,
2025,广东,历史,425,132709,
2025,广东,历史,424,133860,
2025,广东,历史,423,135126,
2025,广东,历史,422,136031,
2025,广东,历史,421,137152,
2025,广东,历史,420,138424,
2025,广东,历史,419,139373,
2025,广东,历史,418,140454,
2025,广东,历史,417,141426,
2025,广东,历史,416,142785,
2025,广东,历史,415,143710,
2025,广东,历史,414,144935,
2025,广东,历史,413,146000,
2025,广东,历史,412,147089,
2025,广东,历史,411,148226,
2025,广东,历史,410,149913,
2025,广东,历史,409,150536,
2025,广东,历史,408,152042,
2025,广东,历史,407,152747,
2025,广东,历史,406,153811,
2025,广东,历史,405,154987,
2025,广东,历史,404,156151,
2025,广东,历史,403,157599,
2025,广东,历史,402,158678,
2025,广东,历史,401,159481,
2025,广东,历史,400,160668,
2025,广东,历史,399,161962,
2025,广东,历史,398,163002,
2025,广东,历史,397,164311,
2025,广东,历史,396,165332,
2025,广东,历史,395,166414,
2025,广东,历史,394,167688,
2025,广东,历史,393,168686,
2025,广东,历史,392,169806,
2025,广东,历史,391,171011,
2025,广东,历史,390,172071,
2025,广东,历史,389,173223,
2025,广东,历史,388,174317,
2025,广东,历史,387,175539,
2025,广东,历史,386,176957,
2025,广东,历史,385,177882,
2025,广东,历史,384,179014,
2025,广东,历史,383,180125,
2025,广东,历史,382,181124,
2025,广东,历史,381,182404,
2025,广东,历史,380,183516,
2025,广东,历史,379,184406,
2025,广东,历史,378,186110,
2025,广东,历史,377,186832,
2025,广东,历史,376,187801,
2025,广东,历史,375,189434,
2025,广东,历史,374,189991,
2025,广东,历史,373,191440,
2025,广东,历史,372,192189,
2025,广东,历史,371,193689,
2025,广东,历史,370,194574,
2025,广东,历史,369,196378,
2025,广东,历史,368,197286,
2025,广东,历史,367,197954,
2025,广东,历史,366,198680,
2025,广东,历史,365,199887,
2025,广东,历史,364,200824,
2025,广东,历史,363,202114,
2025,广东,历史,362,202855,
2025,广东,历史,361,204609,
2025,广东,历史,360,205164,
2025,广东,历史,359,206268,
2025,广东,历史,358,207021,
2025,广东,历史,357,208115,
2025,广东,历史,356,209462,
2025,广东,历史,355,210289,
2025,广东,历史,354,211939,
2025,广东,历史,353,212211,
2025,广东,历史,352,213253,
2025,广东,历史,351,214417,
2025,广东,历史,350,215560,
2025,广东,历史,349,216287,
2025,广东,历史,348,217860,
2025,广东,历史,347,218798,
2025,广东,历史,346,219436,
2025,广东,历史,345,220084,
2025,广东,历史,344,221250,
2025,广东,历史,343,222536,
2025,广东,历史,342,223259,
2025,广东,历史,341,224195,
2025,广东,历史,340,225159,
2025,广东,历史,339,226124,
2025,广东,历史,338,227157,
2025,广东,历史,337,228385,
2025,广东,历史,336,228916,
2025,广东,历史,335,229835,
2025,广东,历史,334,230754,
2025,广东,历史,333,231707,
2025,广东,历史,332,232726,
2025,广东,历史,331,233746,
2025,广东,历史,330,234279,
2025,广东,历史,329,235348,
2025,广东,历史,328,236417,
2025,广东,历史,327,237100,
2025,广东,历史,326,238300,
2025,广东,历史,325,238912,
2025,广东,历史,324,239780,
2025,广东,历史,323,241072,
2025,广东,历史,322,241876,
2025,广东,历史,321,242680,
2025,广东,历史,320,243175,
2025,广东,历史,319,243803,
2025,广东,历史,318,244431,
2025,广东,历史,317,245623,
2025,广东,历史,316,246050,
2025,广东,历史,315,246749,
2025,广东,历史,314,247765,
2025,广东,历史,313,248556,
2025,广东,历史,312,249347,
2025,广东,历史,311,250004,
2025,广东,历史,310,250661,
2025,广东,历史,309,251318,
2025,广东,历史,308,251925,
2025,广东,历史,307,252649,
2025,广东,历史,306,253374,
2025,广东,历史,305,254099,
2025,广东,历史,304,254824,
2025,广东,历史,303,255557,
2025,广东,历史,302,256291,
2025,广东,历史,301,257025,
2025,广东,历史,300,257759,
2025,广东,历史,299,258349,
2025,广东,历史,298,258939,
2025,广东,历史,297,259441,
2025,广东,历史,296,259943,
2025,广东,历史,295,260539,
2025,广东,历史,294,261117,
2025,广东,历史,293,261696,
2025,广东,历史,292,262275,
2025,广东,历史,291,262854,
2025,广东,历史,290,263692,
2025,广东,历史,289,264240,
2025,广东,历史,288,264850,
2025,广东,历史,287,265461,
2025,广东,历史,286,266072,
2025,广东,历史,285,266264,
2025,广东,历史,284,267069,
2025,广东,历史,283,267651,
2025,广东,历史,282,268073,
2025,广东,历史,281,268495,
2025,广东,历史,280,268918,
2025,广东,历史,279,269613,
2025,广东,历史,278,270308,
2025,广东,历史,277,270378,
2025,广东,历史,276,270833,
2025,广东,历史,275,271289,
2025,广东,历史,274,271745,
2025,广东,历史,273,272201,
2025,广东,历史,272,272704,
2025,广东,历史,271,273207,
2025,广东,历史,270,273652,
2025,广东,历史,269,274097,
2025,广东,历史,268,274542,
2025,广东,历史,267,274987,
2025,广东,历史,266,275432,
2025,广东,历史,265,275878,
2025,广东,历史,264,276254,
2025,广东,历史,263,276631,
2025,广东,历史,262,277008,
2025,广东,历史,261,277323,
2025,广东,历史,260,277639,
2025,广东,历史,259,277954,
2025,广东,历史,258,278270,
2025,广东,历史,257,278585,
2025,广东,历史,256,278901,
2025,广东,历史,255,279217,
2025,广东,历史,254,279492,
2025,广东,历史,253,279768,
2025,广东,历史,252,280043,
2025,广东,历史,251,280319,
2025,广东,历史,250,280594,
2025,广东,历史,249,280870,
2025,广东,历史,248,281145,
2025,广东,历史,247,281421,
2025,广东,历史,246,281696,
2025,广东,历史,245,281972,
2025,广东,历史,244,282223,
2025,广东,历史,243,282474,
2025,广东,历史,242,282725,
2025,广东,历史,241,282976,
2025,广东,历史,240,283227,
2025,广东,历史,239,283478,
2025,广东,历史,238,283717,
2025,广东,历史,237,283900,
2025,广东,历史,236,284084,
2025,广东,历史,235,284267,
2025,广东,历史,234,284451,
2025,广东,历史,233,284634,
2025,广东,历史,232,284818,
2025,广东,历史,231,285001,
2025,广东,历史,230,285185,
2025,广东,历史,229,285368,
2025,广东,历史,228,285552,
2025,广东,历史,227,285736,
2025,广东,历史,226,285945,
2025,广东,历史,225,286154,
2025,广东,历史,224,286253,
2025,广东,历史,223,286353,
2025,广东,历史,222,286561,
2025,广东,历史,221,286690,
2025,广东,历史,220,286819,
2025,广东,历史,219,286949,
2025,广东,历史,218,287057,
2025,广东,历史,217,287210,
2025,广东,历史,216,287376,
2025,广东,历史,215,287392,
2025,广东,历史,214,287502,
2025,广东,历史,213,287613,
2025,广东,历史,212,287724,
2025,广东,历史,211,287835,
2025,广东,历史,210,287945,
2025,广东,历史,209,288056,
2025,广东,历史,208,288167,
2025,广东,历史,207,288278,
2025,广东,历史,206,288388,
2025,广东,历史,205,288499,
2025,广东,历史,204,288610,
2025,广东,历史,203,288721,
2025,广东,历史,202,288831,
2025,广东,历史,201,288942,
2025,广东,历史,200,289053,
2025,广东,物理,750,1,
2025,广东,物理,749,1,
2025,广东,物理,748,1,
2025,广东,物理,747,1,
2025,广东,物理,746,1,
2025,广东,物理,745,1,
2025,广东,物理,744,1,
2025,广东,物理,743,1,
2025,广东,物理,742,1,
2025,广东,物理,741,1,
2025,广东,物理,740,1,
2025,广东,物理,739,1,
2025,广东,物理,738,1,
2025,广东,物理,737,1,
2025,广东,物理,736,1,
2025,广东,物理,735,1,
2025,广东,物理,734,1,
2025,广东,物理,733,1,
2025,广东,物理,732,1,
2025,广东,物理,731,1,
2025,广东,物理,730,1,
2025,广东,物理,729,1,
2025,广东,物理,728,1,
2025,广东,物理,727,1,
2025,广东,物理,726,1,
2025,广东,物理,725,1,
2025,广东,物理,724,1,
2025,广东,物理,723,1,
2025,广东,物理,722,1,
2025,广东,物理,721,1,
2025,广东,物理,720,1,
2025,广东,物理,719,1,
2025,广东,物理,718,1,
2025,广东,物理,717,1,
2025,广东,物理,716,1,
2025,广东,物理,715,1,
2025,广东,物理,714,1,
2025,广东,物理,713,1,
2025,广东,物理,712,1,
2025,广东,物理,711,1,
2025,广东,物理,710,1,
2025,广东,物理,709,1,
2025,广东,物理,708,1,
2025,广东,物理,707,1,
2025,广东,物理,706,1,
2025,广东,物理,705,1,
2025,广东,物理,704,1,
2025,广东,物理,703,1,
2025,广东,物理,702,1,
2025,广东,物理,701,1,
2025,广东,物理,700,1,
2025,广东,物理,699,1,
2025,广东,物理,698,1,
2025,广东,物理,697,1,
2025,广东,物理,696,1,
2025,广东,物理,695,1,
2025,广东,物理,694,1,
2025,广东,物理,693,1,
2025,广东,物理,692,13,
2025,广东,物理,691,42,
2025,广东,物理,690,71,
2025,广东,物理,689,99,
2025,广东,物理,688,112,
2025,广东,物理,687,140,
2025,广东,物理,686,168,
2025,广东,物理,685,196,
2025,广东,物理,684,225,
2025,广东,物理,683,259,
2025,广东,物理,682,293,
2025,广东,物理,681,324,
2025,广东,物理,680,356,
2025,广东,物理,679,388,
2025,广东,物理,678,419,
2025,广东,物理,677,463,
2025,广东,物理,676,512,
2025,广东,物理,675,583,
2025,广东,物理,674,716,
2025,广东,物理,673,740,
2025,广东,物理,672,810,
2025,广东,物理,671,873,
2025,广东,物理,670,937,
2025,广东,物理,669,1083,
2025,广东,物理,668,1173,
2025,广东,物理,667,1257,
2025,广东,物理,666,1327,
2025,广东,物理,665,1425,
2025,广东,物理,664,1503,
2025,广东,物理,663,1581,
2025,广东,物理,662,1730,
2025,广东,物理,661,1889,
2025,广东,物理,660,2003,
2025,广东,物理,659,2117,
2025,广东,物理,658,2257,
2025,广东,物理,657,2398,
2025,广东,物理,656,2586,
2025,广东,物理,655,2795,
2025,广东,物理,654,3005,
2025,广东,物理,653,3099,
2025,广东,物理,652,3232,
2025,广东,物理,651,3567,
2025,广东,物理,650,3606,
2025,广东,物理,649,3881,
2025,广东,物理,648,4095,
2025,广东,物理,647,4264,
2025,广东,物理,646,4469,
2025,广东,物理,645,4860,
2025,广东,物理,644,4941,
2025,广东,物理,643,5172,
2025,广东,物理,642,5466,
2025,广东,物理,641,5936,
2025,广东,物理,640,6218,
2025,广东,物理,639,6355,
2025,广东,物理,638,6740,
2025,广东,物理,637,7088,
2025,广东,物理,636,7384,
2025,广东,物理,635,7729,
2025,广东,物理,634,8147,
2025,广东,物理,633,8409,
2025,广东,物理,632,8843,
2025,广东,物理,631,9109,
2025,广东,物理,630,9616,
2025,广东,物理,629,9936,
2025,广东,物理,628,10305,
2025,广东,物理,627,10737,
2025,广东,物理,626,11142,
2025,广东,物理,625,11609,
2025,广东,物理,624,12143,
2025,广东,物理,623,12600,
2025,广东,物理,622,12929,
2025,广东,物理,621,13392,
2025,广东,物理,620,13955,
2025,广东,物理,619,14407,
2025,广东,物理,618,14930,
2025,广东,物理,617,15501,
2025,广东,物理,616,16009,
2025,广东,物理,615,16548,
2025,广东,物理,614,17181,
2025,广东,物理,613,17635,
2025,广东,物理,612,18213,
2025,广东,物理,611,18874,
2025,广东,物理,610,19445,
2025,广东,物理,609,20169,
2025,广东,物理,608,20709,
2025,广东,物理,607,21328,
2025,广东,物理,606,22070,
2025,广东,物理,605,22709,
2025,广东,物理,604,23427,
2025,广东,物理,603,24228,
2025,广东,物理,602,24783,
2025,广东,物理,601,25581,
2025,广东,物理,600,26245,
2025,广东,物理,599,26990,
2025,广东,物理,598,27814,
2025,广东,物理,597,28631,
2025,广东,物理,596,29340,
2025,广东,物理,595,30241,
2025,广东,物理,594,30931,
2025,广东,物理,593,31805,
2025,广东,物理,592,32654,
2025,广东,物理,591,33588,
2025,广东,物理,590,34360,
2025,广东,物理,589,35286,
2025,广东,物理,588,36029,
2025,广东,物理,587,36964,
2025,广东,物理,586,37846,
2025,广东,物理,585,38816,
2025,广东,物理,584,39889,
2025,广东,物理,583,40802,
2025,广东,物理,582,41807,
2025,广东,物理,581,42883,
2025,广东,物理,580,43927,
2025,广东,物理,579,44796,
2025,广东,物理,578,45813,
2025,广东,物理,577,46824,
2025,广东,物理,576,47903,
2025,广东,物理,575,49117,
2025,广东,物理,574,50087,
2025,广东,物理,573,51141,
2025,广东,物理,572,52257,
2025,广东,物理,571,53351,
2025,广东,物理,570,54578,
2025,广东,物理,569,55722,
2025,广东,物理,568,57177,
2025,广东,物理,567,58105,
2025,广东,物理,566,59410,
2025,广东,物理,565,60677,
2025,广东,物理,564,61878,
2025,广东,物理,563,63100,
2025,广东,物理,562,64419,
2025,广东,物理,561,65570,
2025,广东,物理,560,66811,
2025,广东,物理,559,68146,
2025,广东,物理,558,69422,
2025,广东,物理,557,70817,
2025,广东,物理,556,72103,
2025,广东,物理,555,73433,
2025,广东,物理,554,74786,
2025,广东,物理,553,76240,
2025,广东,物理,552,77558,
2025,广东,物理,551,78993,
2025,广东,物理,550,80324,
2025,广东,物理,549,81723,
2025,广东,物理,548,83323,
2025,广东,物理,547,84615,
2025,广东,物理,546,86151,
2025,广东,物理,545,87682,
2025,广东,物理,544,89246,
2025,广东,物理,543,90766,
2025,广东,物理,542,92283,
2025,广东,物理,541,93744,
2025,广东,物理,540,95295,
2025,广东,物理,539,96842,
2025,广东,物理,538,98424,
2025,广东,物理,537,99957,
2025,广东,物理,536,101561,
2025,广东,物理,535,103391,
2025,广东,物理,534,104829,
2025,广东,物理,533,106320,
2025,广东,物理,532,108048,
2025,广东,物理,531,109649,
2025,广东,物理,530,111253,
2025,广东,物理,529,112997,
2025,广东,物理,528,114684,
2025,广东,物理,527,116360,
2025,广东,物理,526,118148,
2025,广东,物理,525,119660,
2025,广东,物理,524,121455,
2025,广东,物理,523,123264,
2025,广东,物理,522,124925,
2025,广东,物理,521,126611,
2025,广东,物理,520,128312,
2025,广东,物理,519,130054,
2025,广东,物理,518,131794,
2025,广东,物理,517,133538,
2025,广东,物理,516,135202,
2025,广东,物理,515,137009,
2025,广东,物理,514,138627,
2025,广东,物理,513,140457,
2025,广东,物理,512,142290,
2025,广东,物理,511,144015,
2025,广东,物理,510,145802,
2025,广东,物理,509,147593,
2025,广东,物理,508,149493,
2025,广东,物理,507,151305,
2025,广东,物理,506,153104,
2025,广东,物理,505,154906,
2025,广东,物理,504,156719,
2025,广东,物理,503,158413,
2025,广东,物理,502,160339,
2025,广东,物理,501,162036,
2025,广东,物理,500,163899,
2025,广东,物理,499,165670,
2025,广东,物理,498,167490,
2025,广东,物理,497,169391,
2025,广东,物理,496,171238,
2025,广东,物理,495,173129,
2025,广东,物理,494,174806,
2025,广东,物理,493,176626,
2025,广东,物理,492,178427,
2025,广东,物理,491,180247,
2025,广东,物理,490,182137,
2025,广东,物理,489,183800,
2025,广东,物理,488,185693,
2025,广东,物理,487,187544,
2025,广东,物理,486,189412,
2025,广东,物理,485,191299,
2025,广东,物理,484,192944,
2025,广东,物理,483,194795,
2025,广东,物理,482,196477,
2025,广东,物理,481,198269,
2025,广东,物理,480,200067,
2025,广东,物理,479,201837,
2025,广东,物理,478,203644,
2025,广东,物理,477,205438,
2025,广东,物理,476,207251,
2025,广东,物理,475,209125,
2025,广东,物理,474,210873,
2025,广东,物理,473,212720,
2025,广东,物理,472,214559,
2025,广东,物理,471,216301,
2025,广东,物理,470,218044,
2025,广东,物理,469,220148,
2025,广东,物理,468,221616,
2025,广东,物理,467,223409,
2025,广东,物理,466,225153,
2025,广东,物理,465,227031,
2025,广东,物理,464,228623,
2025,广东,物理,463,230383,
2025,广东,物理,462,232258,
2025,广东,物理,461,233889,
2025,广东,物理,460,235788,
2025,广东,物理,459,237525,
2025,广东,物理,458,239048,
2025,广东,物理,457,240751,
2025,广东,物理,456,242646,
2025,广东,物理,455,244337,
2025,广东,物理,454,245788,
2025,广东,物理,453,247490,
2025,广东,物理,452,249677,
2025,广东,物理,451,250882,
2025,广东,物理,450,252316,
2025,广东,物理,449,253918,
2025,广东,物理,448,255677,
2025,广东,物理,447,257470,
2025,广东,物理,446,259598,
2025,广东,物理,445,261057,
2025,广东,物理,444,262318,
2025,广东,物理,443,264023,
2025,广东,物理,442,265600,
2025,广东,物理,441,267196,
2025,广东,物理,440,268981,
2025,广东,物理,439,270377,
2025,广东,物理,438,271974,
2025,广东,物理,437,273568,
2025,广东,物理,436,275073,
2025,广东,物理,435,276625,
2025,广东,物理,434,278758,
2025,广东,物理,433,279589,
2025,广东,物理,432,281159,
2025,广东,物理,431,282590,
2025,广东,物理,430,284152,
2025,广东,物理,429,285737,
2025,广东,物理,428,286955,
2025,广东,物理,427,288385,
2025,广东,物理,426,290064,
2025,广东,物理,425,291459,
2025,广东,物理,424,292837,
2025,广东,物理,423,294341,
2025,广东,物理,422,295914,
2025,广东,物理,421,297002,
2025,广东,物理,420,298606,
2025,广东,物理,419,300272,
2025,广东,物理,418,301384,
2025,广东,物理,417,302588,
2025,广东,物理,416,303817,
2025,广东,物理,415,305503,
2025,广东,物理,414,306424,
2025,广东,物理,413,307868,
2025,广东,物理,412,308924,
2025,广东,物理,411,310290,
2025,广东,物理,410,311579,
2025,广东,物理,409,313018,
2025,广东,物理,408,314705,
2025,广东,物理,407,315549,
2025,广东,物理,406,316554,
2025,广东,物理,405,317845,
2025,广东,物理,404,319011,
2025,广东,物理,403,320486,
2025,广东,物理,402,321629,
2025,广东,物理,401,322809,
2025,广东,物理,400,324131,
2025,广东,物理,399,325356,
2025,广东,物理,398,326621,
2025,广东,物理,397,327558,
2025,广东,物理,396,328782,
2025,广东,物理,395,329874,
2025,广东,物理,394,331161,
2025,广东,物理,393,332513,
2025,广东,物理,392,333484,
2025,广东,物理,391,334437,
2025,广东,物理,390,335479,
2025,广东,物理,389,336936,
2025,广东,物理,388,337906,
2025,广东,物理,387,338747,
2025,广东,物理,386,339809,
2025,广东,物理,385,340877,
2025,广东,物理,384,342144,
2025,广东,物理,383,342828,
2025,广东,物理,382,343828,
2025,广东,物理,381,344904,
2025,广东,物理,380,346019,
2025,广东,物理,379,347155,
2025,广东,物理,378,347963,
2025,广东,物理,377,349227,
2025,广东,物理,376,349998,
2025,广东,物理,375,350994,
2025,广东,物理,374,351959,
2025,广东,物理,373,353018,
2025,广东,物理,372,353937,
2025,广东,物理,371,354915,
2025,广东,物理,370,356091,
2025,广东,物理,369,356776,
2025,广东,物理,368,357715,
2025,广东,物理,367,358764,
2025,广东,物理,366,359553,
2025,广东,物理,365,360443,
2025,广东,物理,364,361311,
2025,广东,物理,363,362169,
2025,广东,物理,362,363129,
2025,广东,物理,361,364050,
2025,广东,物理,360,364931,
2025,广东,物理,359,365851,
2025,广东,物理,358,366839,
2025,广东,物理,357,367487,
2025,广东,物理,356,368369,
2025,广东,物理,355,369464,
2025,广东,物理,354,370158,
2025,广东,物理,353,371019,
2025,广东,物理,352,371774,
2025,广东,物理,351,372628,
2025,广东,物理,350,373329,
2025,广东,物理,349,374128,
2025,广东,物理,348,374926,
2025,广东,物理,347,375769,
2025,广东,物理,346,376625,
2025,广东,物理,345,377284,
2025,广东,物理,344,377967,
2025,广东,物理,343,378821,
2025,广东,物理,342,379545,
2025,广东,物理,341,380298,
2025,广东,物理,340,381082,
2025,广东,物理,339,381676,
2025,广东,物理,338,382838,
2025,广东,物理,337,383198,
2025,广东,物理,336,384024,
2025,广东,物理,335,384652,
2025,广东,物理,334,385365,
2025,广东,物理,333,386185,
2025,广东,物理,332,386814,
2025,广东,物理,331,387488,
2025,广东,物理,330,388196,
2025,广东,物理,329,389167,
2025,广东,物理,328,389602,
2025,广东,物理,327,390423,
2025,广东,物理,326,390974,
2025,广东,物理,325,391965,
2025,广东,物理,324,392314,
2025,广东,物理,323,392987,
2025,广东,物理,322,393907,
2025,广东,物理,321,394352,
2025,广东,物理,320,394830,
2025,广东,物理,319,395736,
2025,广东,物理,318,396352,
2025,广东,物理,317,396997,
2025,广东,物理,316,397560,
2025,广东,物理,315,398389,
2025,广东,物理,314,398946,
2025,广东,物理,313,399534,
2025,广东,物理,312,400434,
2025,广东,物理,311,400719,
2025,广东,物理,310,401173,
2025,广东,物理,309,402082,
2025,广东,物理,308,402349,
2025,广东,物理,307,403038,
2025,广东,物理,306,403653,
2025,广东,物理,305,404400,
2025,广东,物理,304,404741,
2025,广东,物理,303,405226,
2025,广东,物理,302,406172,
2025,广东,物理,301,406474,
2025,广东,物理,300,406974,
2025,广东,物理,299,407727,
2025,广东,物理,298,408480,
2025,广东,物理,297,408641,
2025,广东,物理,296,409159,
2025,广东,物理,295,409850,
2025,广东,物理,294,410299,
2025,广东,物理,293,410748,
2025,广东,物理,292,411595,
2025,广东,物理,291,411839,
2025,广东,物理,290,412308,
2025,广东,物理,289,412777,
2025,广东,物理,288,413246,
2025,广东,物理,287,413716,
2025,广东,物理,286,414232,
2025,广东,物理,285,414954,
2025,广东,物理,284,415310,
2025,广东,物理,283,415771,
2025,广东,物理,282,416233,
2025,广东,物理,281,416932,
2025,广东,物理,280,417632,
2025,广东,物理,279,417750,
2025,广东,物理,278,418150,
2025,广东,物理,277,418551,
2025,广东,物理,276,419086,
2025,广东,物理,275,419622,
2025,广东,物理,274,420157,
2025,广东,物理,273,420693,
2025,广东,物理,272,420928,
2025,广东,物理,271,421390,
2025,广东,物理,270,421852,
2025,广东,物理,269,422210,
2025,广东,物理,268,422568,
2025,广东,物理,267,422927,
2025,广东,物理,266,423322,
2025,广东,物理,265,423717,
2025,广东,物理,264,423902,
2025,广东,物理,263,424311,
2025,广东,物理,262,424881,
2025,广东,物理,261,425287,
2025,广东,物理,260,425694,
2025,广东,物理,259,425742,
2025,广东,物理,258,426167,
2025,广东,物理,257,426398,
2025,广东,物理,256,426704,
2025,广东,物理,255,427011,
2025,广东,物理,254,427554,
2025,广东,物理,253,427679,
2025,广东,物理,252,427962,
2025,广东,物理,251,428245,
2025,广东,物理,250,428715,
2025,广东,物理,249,429045,
2025,广东,物理,248,429375,
2025,广东,物理,247,429488,
2025,广东,物理,246,429762,
2025,广东,物理,245,430036,
2025,广东,物理,244,430310,
2025,广东,物理,243,430584,
2025,广东,物理,242,430672,
2025,广东,物理,241,430984,
2025,广东,物理,240,431222,
2025,广东,物理,239,431506,
2025,广东,物理,238,431790,
2025,广东,物理,237,432075,
2025,广东,物理,236,432199,
2025,广东,物理,235,432324,
2025,广东,物理,234,432605,
2025,广东,物理,233,432780,
2025,广东,物理,232,432956,
2025,广东,物理,231,433146,
2025,广东,物理,230,433337,
2025,广东,物理,229,433528,
2025,广东,物理,228,433839,
2025,广东,物理,227,433952,
2025,广东,物理,226,434065,
2025,广东,物理,225,434410,
2025,广东,物理,224,434501,
2025,广东,物理,223,434620,
2025,广东,物理,222,434803,
2025,广东,物理,221,434986,
2025,广东,物理,220,435124,
2025,广东,物理,219,435217,
2025,广东,物理,218,435400,
2025,广东,物理,217,435578,
2025,广东,物理,216,435756,
2025,广东,物理,215,435839,
2025,广东,物理,214,435923,
2025,广东,物理,213,436039,
2025,广东,物理,212,436216,
2025,广东,物理,211,436311,
2025,广东,物理,210,436400,
2025,广东,物理,209,436489,
2025,广东,物理,208,436558,
2025,广东,物理,207,436667,
2025,广东,物理,206,436770,
2025,广东,物理,205,436853,
2025,广东,物理,204,437012,
2025,广东,物理,203,437020,
2025,广东,物理,202,437119,
2025,广东,物理,201,437204,
2025,广东,物理,200,437291,
